-- Radar demo seed for remote project.
-- Password for every seeded account is 123456.
begin;

truncate table
  public.report_events,
  public.notifications,
  public.matches,
  public.claims,
  public.matching_jobs,
  public.maintenance_incidents,
  public.lost_items,
  public.reports,
  public.technicians,
  public.profiles,
  public.campus_zones,
  public.system_settings
restart identity cascade;

delete from auth.users;
create temporary table seed_users (id uuid primary key, email text not null, full_name text not null, app_role public.user_role not null) on commit drop;
insert into seed_users (id, email, full_name, app_role) values
  ('34ec6c33-f189-5acc-8be9-84642810bd64', 'admin1@radar.com', 'Mariana Torres', 'admin'),
  ('96171b07-d4ee-5d24-aca0-10fb809c219f', 'admin2@radar.com', 'Diego Salazar', 'admin'),
  ('1738bb97-9556-5b31-9eae-c611595486f3', 'admin3@radar.com', 'Paula Rivas', 'admin'),
  ('38a00e20-f19a-5ba2-8f82-f658d711f995', 'tecnico1@radar.com', 'José Huamán', 'technician'),
  ('8e8e1d3d-58d7-50b1-ae65-5bd7ddb48af4', 'tecnico2@radar.com', 'Carla Medina', 'technician'),
  ('99c24bf2-8b4a-5f3c-9597-72291f58850b', 'tecnico3@radar.com', 'Luis Gutiérrez', 'technician'),
  ('5954b876-d9a7-5173-8976-5c1e929d1c45', 'tecnico4@radar.com', 'Rosa Paredes', 'technician'),
  ('75ce0d9b-2289-55bd-8bbb-46633c223a50', 'tecnico5@radar.com', 'Miguel Cáceres', 'technician'),
  ('e9388040-6fe9-5186-98e3-f36d85c2a468', 'tecnico6@radar.com', 'Elena Bravo', 'technician'),
  ('1bf854c6-114a-575c-9b94-0cae5d8c3110', 'tecnico7@radar.com', 'Andrés Villar', 'technician'),
  ('d5136813-48a0-5ff5-90a2-e3432cdbf6fc', 'tecnico8@radar.com', 'Nadia Flores', 'technician'),
  ('d1fc7a29-2a6c-5622-b40c-c6ba8d21bfc3', 'tecnico9@radar.com', 'César Mendoza', 'technician'),
  ('7b4fbd38-b857-5834-9e49-b3e54daecf36', 'tecnico10@radar.com', 'Lucía Ramos', 'technician'),
  ('99e23771-0461-5245-961d-f5caaa88dad8', 'tecnico11@radar.com', 'Óscar Benavides', 'technician'),
  ('e68102b1-e616-50f3-8649-dbeddf9ba157', 'tecnico12@radar.com', 'Mónica Reyes', 'technician'),
  ('1f4107af-06cc-5eaa-b270-67867836c628', 'tecnico13@radar.com', 'Víctor Aquino', 'technician'),
  ('21b03123-72cc-5abd-aa1e-fd598ef1765f', 'tecnico14@radar.com', 'Teresa Córdova', 'technician'),
  ('8e0a83cf-5f53-55d5-8746-1d4fc438756b', 'tecnico15@radar.com', 'Hugo Salinas', 'technician'),
  ('eff16e4a-a7de-5a9e-bd11-91313b428249', 'tecnico16@radar.com', 'Iván Carrillo', 'technician'),
  ('db0ca1c2-23e1-5a3d-91ae-d96242900e31', 'tecnico17@radar.com', 'Gabriela Poma', 'technician'),
  ('a8b85187-a990-5a1e-8ef4-c42eda3f80c2', 'tecnico18@radar.com', 'Renato Chávez', 'technician'),
  ('c19c07d8-3b67-5a8e-9b8a-7fce8f203aae', 'tecnico19@radar.com', 'Sofía Valdez', 'technician'),
  ('bd6bb243-b65f-5142-9250-2684cd5bc5d7', 'tecnico20@radar.com', 'Arturo León', 'technician'),
  ('56cf75da-f55a-56a4-a3b7-377995e906d4', 'estudiante1@radar.com', 'Valeria Quispe', 'student'),
  ('04a29933-50f1-54c3-8543-b1c1ccec019f', 'estudiante2@radar.com', 'Mateo Castillo', 'student'),
  ('8f4e684e-2067-5bfb-a8b1-b554bcb3108e', 'estudiante3@radar.com', 'Camila Soto', 'student'),
  ('5b48465a-080f-568a-88f2-29086ca3bdb1', 'estudiante4@radar.com', 'Sebastián Rojas', 'student'),
  ('7ceb163a-0011-535a-98c9-72947f950b04', 'estudiante5@radar.com', 'Andrea Núñez', 'student'),
  ('e5b437e2-56b8-5962-beb9-80d559a8b607', 'estudiante6@radar.com', 'Joaquín Herrera', 'student'),
  ('b8242449-4a57-560d-af65-a6b40384fc4c', 'estudiante7@radar.com', 'Fernanda López', 'student'),
  ('b4dab77f-2a2c-53df-a1ef-c9c6fcdf5c7a', 'estudiante8@radar.com', 'Piero Vargas', 'student'),
  ('b8dcf1b5-68bd-509c-862d-567f0677ade0', 'estudiante9@radar.com', 'Daniela Ibarra', 'student'),
  ('44dc9c94-9e13-583e-be26-65699929fc5d', 'estudiante10@radar.com', 'Bruno Meza', 'student'),
  ('2d9f9b25-1bff-57a2-b166-00813d5a9d41', 'estudiante11@radar.com', 'Natalia Campos', 'student'),
  ('e291afad-2985-512e-94ba-02455458d411', 'estudiante12@radar.com', 'Alonso Peña', 'student'),
  ('f32c2821-1e8d-587b-8bdf-43450d6ffd6a', 'estudiante13@radar.com', 'Luciana Vega', 'student'),
  ('04dd5adc-0b73-58a2-b8aa-6a5f93db0b15', 'estudiante14@radar.com', 'Martín Cabrera', 'student'),
  ('e6e648c2-254e-5d53-8186-fcf318f74823', 'estudiante15@radar.com', 'Ariana Molina', 'student'),
  ('03a16c96-b6f2-51cf-a899-8560feb029e6', 'estudiante16@radar.com', 'Emilio Fuentes', 'student'),
  ('3249c000-aa18-5d68-ba20-c1ebe6246d61', 'estudiante17@radar.com', 'Ximena Arroyo', 'student'),
  ('41d69b8a-0a43-5e43-8ebd-98ba68f9e5f8', 'estudiante18@radar.com', 'Thiago Rentería', 'student'),
  ('ceddb027-da35-5072-b338-13be73f590dd', 'estudiante19@radar.com', 'Isabela Muñoz', 'student'),
  ('3cd56141-7ece-5079-8a9c-5bf5dc8fb739', 'estudiante20@radar.com', 'Facundo Prieto', 'student'),
  ('b097b8d9-d456-5244-b8e4-b97eb8770072', 'estudiante21@radar.com', 'Renata Palacios', 'student'),
  ('87995fef-e5e3-5aaf-ba05-0ea0d20bc733', 'estudiante22@radar.com', 'Santiago Salcedo', 'student');

insert into auth.users (
  id,
  instance_id,
  aud,
  role,
  email,
  encrypted_password,
  email_confirmed_at,
  confirmation_token,
  recovery_token,
  email_change_token_new,
  email_change,
  phone_change,
  phone_change_token,
  email_change_token_current,
  reauthentication_token,
  raw_app_meta_data,
  raw_user_meta_data,
  created_at,
  updated_at,
  is_anonymous
)
select
  id,
  '00000000-0000-0000-0000-000000000000'::uuid,
  'authenticated',
  'authenticated',
  email,
  crypt('123456', gen_salt('bf', 10)),
  now(),
  '',
  '',
  '',
  '',
  '',
  '',
  '',
  '',
  jsonb_build_object('provider', 'email', 'providers', jsonb_build_array('email')),
  jsonb_build_object('full_name', full_name, 'name', full_name, 'email_verified', true),
  now(),
  now(),
  false
from seed_users;


insert into auth.identities (id, provider_id, user_id, identity_data, provider, last_sign_in_at, created_at, updated_at)
select gen_random_uuid(), id::text, id, jsonb_build_object('sub', id::text, 'email', email, 'email_verified', true, 'phone_verified', false), 'email', null, now(), now()
from seed_users;


insert into public.profiles (id, email, full_name, role, avatar_url, created_at, updated_at)
select id, email, full_name, app_role, null, now(), now()
from seed_users
on conflict (id) do update set
  email = excluded.email,
  full_name = excluded.full_name,
  role = excluded.role,
  avatar_url = excluded.avatar_url,
  updated_at = excluded.updated_at;

insert into public.campus_zones (id, name, building, floor, area_type, latitude, longitude, created_at) values
  ('ef078d55-1f64-5ca3-9a5d-2933add329eb', 'Aula 101', 'Pabellón A', 'Piso 1', 'aula', -12.0837, -77.0489, '2026-05-02T09:00:00Z'),
  ('6f566801-face-5860-b1fa-26016f18b58c', 'Aula 204', 'Pabellón A', 'Piso 2', 'aula', -12.083771, -77.048967, '2026-05-02T09:00:00Z'),
  ('f3336fbc-a8b1-5991-9640-0dd6e36ebd7f', 'Pasillo central', 'Pabellón A', 'Piso 1', 'pasillo', -12.083842, -77.049034, '2026-05-02T09:00:00Z'),
  ('d3579cc8-47a3-53d6-ba83-ea2bc1612d8f', 'Servicios higiénicos', 'Pabellón A', 'Piso 1', 'baño', -12.083913, -77.049101, '2026-05-02T09:00:00Z'),
  ('d2b8745f-fc14-5d83-85db-43af107cee72', 'Sala de lectura 1', 'Biblioteca Central', 'Piso 1', 'biblioteca', -12.083984, -77.049168, '2026-05-02T09:00:00Z'),
  ('5b610e97-96aa-5df1-a265-b2223e992bb9', 'Hemeroteca', 'Biblioteca Central', 'Piso 2', 'biblioteca', -12.084055, -77.049235, '2026-05-02T09:00:00Z'),
  ('1418845d-92df-5fcc-af0a-005245bb01c0', 'Cubículos grupales', 'Biblioteca Central', 'Piso 3', 'biblioteca', -12.084126, -77.049302, '2026-05-02T09:00:00Z'),
  ('7b1d097d-dc00-5e89-a3c8-626fb2aeee3f', 'Ingreso principal', 'Biblioteca Central', 'Piso 1', 'ingreso', -12.084197, -77.049369, '2026-05-02T09:00:00Z'),
  ('36bc7821-fb97-5add-b898-ae7e3fb89e23', 'Comedor principal', 'Cafetería', 'Piso 1', 'comedor', -12.084268, -77.049436, '2026-05-02T09:00:00Z'),
  ('c4ffb0d6-a7ba-5d76-aa1c-e69a6107aeeb', 'Cocina', 'Cafetería', 'Piso 1', 'servicio', -12.084339, -77.049503, '2026-05-02T09:00:00Z'),
  ('5d7aeb6c-6133-536d-962a-525f3576ff6d', 'Terraza', 'Cafetería', 'Piso 1', 'patio', -12.08441, -77.04957, '2026-05-02T09:00:00Z'),
  ('36820bcd-8a04-5ccb-b489-c7d4cd71a677', 'Caja', 'Cafetería', 'Piso 1', 'servicio', -12.084481, -77.049637, '2026-05-02T09:00:00Z'),
  ('e6474dff-9a22-5920-8142-38ce6f99ec36', 'Laboratorio de cómputo 1', 'Laboratorios', 'Piso 1', 'laboratorio', -12.084552, -77.049704, '2026-05-02T09:00:00Z'),
  ('20e52487-24eb-5220-aa5b-25cc6ef58ba9', 'Laboratorio de redes', 'Laboratorios', 'Piso 2', 'laboratorio', -12.084623, -77.049771, '2026-05-02T09:00:00Z'),
  ('3cc66a05-5bea-54ca-8d03-dcad81a70a00', 'Laboratorio de química', 'Laboratorios', 'Piso 1', 'laboratorio', -12.084694, -77.049838, '2026-05-02T09:00:00Z'),
  ('947685bb-5db6-527d-be53-9633c6f9e0e8', 'Taller de prototipos', 'Laboratorios', 'Piso 1', 'taller', -12.084765, -77.049905, '2026-05-02T09:00:00Z'),
  ('ac03cf09-63ae-50e9-bc79-7e7e7f6ca38e', 'Mesa de partes', 'Administración', 'Piso 1', 'oficina', -12.084836, -77.049972, '2026-05-02T09:00:00Z'),
  ('f547edf3-d569-5065-baa6-87cad833781a', 'Tesorería', 'Administración', 'Piso 1', 'oficina', -12.084907, -77.050039, '2026-05-02T09:00:00Z'),
  ('3cbcb4cc-ad3e-5030-af37-86612f6e9c18', 'Sala de reuniones', 'Administración', 'Piso 2', 'oficina', -12.084978, -77.050106, '2026-05-02T09:00:00Z'),
  ('29305a59-6b6f-5d6c-b88a-375ae0bac579', 'Archivo', 'Administración', 'Sótano', 'archivo', -12.085049, -77.050173, '2026-05-02T09:00:00Z'),
  ('328cc730-98b7-5252-a25d-34431cb0ba92', 'Gimnasio', 'Polideportivo', 'Piso 1', 'deportivo', -12.08512, -77.05024, '2026-05-02T09:00:00Z'),
  ('fd19b4ac-9df6-5434-b57f-b07b22e9b29f', 'Cancha techada', 'Polideportivo', 'Piso 1', 'deportivo', -12.085191, -77.050307, '2026-05-02T09:00:00Z'),
  ('b372dead-d236-56bd-883a-6ff6fd7273e2', 'Vestidores', 'Polideportivo', 'Piso 1', 'vestidor', -12.085262, -77.050374, '2026-05-02T09:00:00Z'),
  ('927cf97b-4a8b-5201-84a1-f83a432fd83e', 'Lavandería', 'Residencia', 'Piso 1', 'servicio', -12.085333, -77.050441, '2026-05-02T09:00:00Z');
insert into public.technicians (id, specialty, active, created_at) values
  ('38a00e20-f19a-5ba2-8f82-f658d711f995', 'electrical', true, '2026-04-12T09:00:00Z'),
  ('8e8e1d3d-58d7-50b1-ae65-5bd7ddb48af4', 'plumbing', true, '2026-04-13T09:00:00Z'),
  ('99c24bf2-8b4a-5f3c-9597-72291f58850b', 'cleaning', true, '2026-04-14T09:00:00Z'),
  ('5954b876-d9a7-5173-8976-5c1e929d1c45', 'hvac', true, '2026-04-15T09:00:00Z'),
  ('75ce0d9b-2289-55bd-8bbb-46633c223a50', 'infrastructure', true, '2026-04-16T09:00:00Z'),
  ('e9388040-6fe9-5186-98e3-f36d85c2a468', 'security', true, '2026-04-17T09:00:00Z'),
  ('1bf854c6-114a-575c-9b94-0cae5d8c3110', 'other', true, '2026-04-18T09:00:00Z'),
  ('d5136813-48a0-5ff5-90a2-e3432cdbf6fc', 'electrical', true, '2026-04-19T09:00:00Z'),
  ('d1fc7a29-2a6c-5622-b40c-c6ba8d21bfc3', 'plumbing', true, '2026-04-20T09:00:00Z'),
  ('7b4fbd38-b857-5834-9e49-b3e54daecf36', 'cleaning', true, '2026-04-21T09:00:00Z'),
  ('99e23771-0461-5245-961d-f5caaa88dad8', 'hvac', true, '2026-04-22T09:00:00Z'),
  ('e68102b1-e616-50f3-8649-dbeddf9ba157', 'infrastructure', true, '2026-04-23T09:00:00Z'),
  ('1f4107af-06cc-5eaa-b270-67867836c628', 'security', true, '2026-04-24T09:00:00Z'),
  ('21b03123-72cc-5abd-aa1e-fd598ef1765f', 'other', true, '2026-04-25T09:00:00Z'),
  ('8e0a83cf-5f53-55d5-8746-1d4fc438756b', 'electrical', true, '2026-04-26T09:00:00Z'),
  ('eff16e4a-a7de-5a9e-bd11-91313b428249', 'plumbing', true, '2026-04-27T09:00:00Z'),
  ('db0ca1c2-23e1-5a3d-91ae-d96242900e31', 'cleaning', true, '2026-04-28T09:00:00Z'),
  ('a8b85187-a990-5a1e-8ef4-c42eda3f80c2', 'hvac', true, '2026-04-29T09:00:00Z'),
  ('c19c07d8-3b67-5a8e-9b8a-7fce8f203aae', 'infrastructure', false, '2026-04-30T09:00:00Z'),
  ('bd6bb243-b65f-5142-9250-2684cd5bc5d7', 'security', false, '2026-05-01T09:00:00Z');
insert into public.reports (id, created_by, type, status, title, description, photo_url, latitude, longitude, zone_id, ai_confidence, classification_reason, created_at, updated_at, resolved_at) values
  ('900ad972-f1ee-54e8-8876-b5195643dc3a', '5b48465a-080f-568a-88f2-29086ca3bdb1', 'maintenance', 'in_progress', 'Fuga debajo del lavamanos del baño de varones', 'Se acumula agua junto a la puerta y el piso queda resbaloso en horas de clase.', 'https://loremflickr.com/900/650/water,leak?lock=2001', null, null, 'ef078d55-1f64-5ca3-9a5d-2933add329eb', 0.71, 'Clasificado como plumbing por texto del reporte, ubicación y evidencia visual.', '2026-06-28T09:07:00Z', '2026-06-28T14:07:00Z', null),
  ('eb261ff3-2ee5-5e4a-bd87-3a6f66efb264', 'b8242449-4a57-560d-af65-a6b40384fc4c', 'maintenance', 'assigned', 'Luminaria parpadea en pasillo de biblioteca', 'La luz central parpadea desde ayer y dificulta el tránsito después de las 6 p. m.', 'https://loremflickr.com/900/650/light,bulb?lock=2002', null, null, '6f566801-face-5860-b1fa-26016f18b58c', 0.72, 'Clasificado como electrical por texto del reporte, ubicación y evidencia visual.', '2026-06-25T10:14:00Z', '2026-06-25T16:14:00Z', null),
  ('3067a2ea-45d0-52d9-b716-eef384898411', '44dc9c94-9e13-583e-be26-65699929fc5d', 'maintenance', 'assigned', 'Aire acondicionado no enfría en laboratorio de redes', 'El equipo prende, pero solo ventila aire caliente en la parte posterior del salón.', 'https://loremflickr.com/900/650/air,conditioner?lock=2003', null, null, 'f3336fbc-a8b1-5991-9640-0dd6e36ebd7f', 0.73, 'Clasificado como hvac por texto del reporte, ubicación y evidencia visual.', '2026-06-22T11:21:00Z', '2026-06-22T18:21:00Z', null),
  ('fb5015e1-95cd-51f8-a0bb-d2542138482e', 'f32c2821-1e8d-587b-8bdf-43450d6ffd6a', 'maintenance', 'classified', 'Baldosa levantada cerca al ingreso', 'Una baldosa está suelta y varios estudiantes tropiezan al entrar.', 'https://loremflickr.com/900/650/broken,tile?lock=2004', null, null, 'd3579cc8-47a3-53d6-ba83-ea2bc1612d8f', 0.74, 'Clasificado como infrastructure por texto del reporte, ubicación y evidencia visual.', '2026-06-19T12:28:00Z', '2026-06-19T20:28:00Z', null),
  ('df9d2156-e7ec-5a66-94fe-44badd820ac3', '03a16c96-b6f2-51cf-a899-8560feb029e6', 'maintenance', 'resolved', 'Tacho rebalsado en comedor principal', 'Los tachos del comedor están llenos desde el almuerzo y hay mal olor.', 'https://loremflickr.com/900/650/trash,bin?lock=2005', null, null, 'd2b8745f-fc14-5d83-85db-43af107cee72', 0.75, 'Clasificado como cleaning por texto del reporte, ubicación y evidencia visual.', '2026-06-16T13:35:00Z', '2026-06-16T22:35:00Z', '2026-06-16T22:35:00Z'),
  ('0340aadc-7177-5ea6-8fcc-5314d8fcad13', 'ceddb027-da35-5072-b338-13be73f590dd', 'maintenance', 'in_progress', 'Cámara de seguridad sin señal en terraza', 'El monitor de vigilancia muestra la cámara como desconectada.', 'https://loremflickr.com/900/650/security,camera?lock=2006', null, null, '5b610e97-96aa-5df1-a265-b2223e992bb9', 0.76, 'Clasificado como security por texto del reporte, ubicación y evidencia visual.', '2026-06-13T14:42:00Z', '2026-06-14T00:42:00Z', null),
  ('7b1b0815-55f2-54a3-bdd9-5094a9146836', '87995fef-e5e3-5aaf-ba05-0ea0d20bc733', 'maintenance', 'assigned', 'Cable expuesto junto a proyector', 'Hay un cable sin canaleta cerca del escritorio del docente.', 'https://loremflickr.com/900/650/electric,cable?lock=2007', null, null, '1418845d-92df-5fcc-af0a-005245bb01c0', 0.77, 'Clasificado como electrical por texto del reporte, ubicación y evidencia visual.', '2026-06-10T15:49:00Z', '2026-06-11T02:49:00Z', null),
  ('2f6e7135-ceba-5b9a-aa8b-802135efedd7', '8f4e684e-2067-5bfb-a8b1-b554bcb3108e', 'maintenance', 'classified', 'Puerta de aula no cierra correctamente', 'La chapa se queda trabada y la puerta queda abierta al empujarla.', 'https://loremflickr.com/900/650/door,lock?lock=2008', null, null, '7b1d097d-dc00-5e89-a3c8-626fb2aeee3f', 0.78, 'Clasificado como infrastructure por texto del reporte, ubicación y evidencia visual.', '2026-06-07T08:56:00Z', '2026-06-07T20:56:00Z', null),
  ('132cbc58-0f20-5dca-b18e-4932635bcdc1', 'e5b437e2-56b8-5962-beb9-80d559a8b607', 'maintenance', 'assigned', 'Filtro de bebedero con fuga', 'El bebedero gotea de forma constante y moja la pared.', 'https://loremflickr.com/900/650/water,fountain?lock=2009', null, null, '36bc7821-fb97-5add-b898-ae7e3fb89e23', 0.79, 'Clasificado como plumbing por texto del reporte, ubicación y evidencia visual.', '2026-06-04T09:03:00Z', '2026-06-04T22:03:00Z', null),
  ('fc2249c8-7206-5c2c-9021-c60eb786fc5d', 'b8dcf1b5-68bd-509c-862d-567f0677ade0', 'maintenance', 'resolved', 'Baño sin papel y dispensador roto', 'El dispensador se desprendió del muro y no hay reposición de papel.', 'https://loremflickr.com/900/650/restroom?lock=2010', null, null, 'c4ffb0d6-a7ba-5d76-aa1c-e69a6107aeeb', 0.8, 'Clasificado como cleaning por texto del reporte, ubicación y evidencia visual.', '2026-06-01T10:10:00Z', '2026-06-02T00:10:00Z', '2026-06-02T00:10:00Z'),
  ('e1c48698-d07f-5f60-aa69-3c93329fd95e', 'e291afad-2985-512e-94ba-02455458d411', 'maintenance', 'in_progress', 'Ventilador hace ruido fuerte', 'El ventilador del techo vibra y golpea la base al girar.', 'https://loremflickr.com/900/650/ceiling,fan?lock=2011', null, null, '5d7aeb6c-6133-536d-962a-525f3576ff6d', 0.81, 'Clasificado como hvac por texto del reporte, ubicación y evidencia visual.', '2026-05-29T11:17:00Z', '2026-05-30T02:17:00Z', null),
  ('993c1768-8d84-52f0-8103-1bbdd7d04eab', 'e6e648c2-254e-5d53-8186-fcf318f74823', 'maintenance', 'in_progress', 'Baranda floja en escalera', 'La baranda se mueve al apoyarse y está en una zona de alto tránsito.', 'https://loremflickr.com/900/650/stair,handrail?lock=2012', null, null, '36820bcd-8a04-5ccb-b489-c7d4cd71a677', 0.82, 'Clasificado como infrastructure por texto del reporte, ubicación y evidencia visual.', '2026-05-26T12:24:00Z', '2026-05-27T04:24:00Z', null),
  ('a191df04-a037-58e3-9aeb-4b339bbcd887', '41d69b8a-0a43-5e43-8ebd-98ba68f9e5f8', 'maintenance', 'new', 'Interruptor quemado en sala de reuniones', 'El interruptor tiene marcas negras y olor a quemado.', 'https://loremflickr.com/900/650/electrical,switch?lock=2013', null, null, 'e6474dff-9a22-5920-8142-38ce6f99ec36', 0.83, 'Clasificado como electrical por texto del reporte, ubicación y evidencia visual.', '2026-06-30T13:31:00Z', '2026-07-01T06:31:00Z', null),
  ('791069a4-9a4a-530c-9e71-d72492de95e4', 'b097b8d9-d456-5244-b8e4-b97eb8770072', 'maintenance', 'closed', 'Limpieza pendiente después de actividad', 'Quedaron vasos, papeles y restos de comida luego de una charla.', 'https://loremflickr.com/900/650/cleaning,event?lock=2014', null, null, '20e52487-24eb-5220-aa5b-25cc6ef58ba9', 0.84, 'Clasificado como cleaning por texto del reporte, ubicación y evidencia visual.', '2026-06-27T14:38:00Z', '2026-06-28T08:38:00Z', '2026-06-28T08:38:00Z'),
  ('da72ed4d-a50d-523e-b590-ed3190775dcf', '04a29933-50f1-54c3-8543-b1c1ccec019f', 'maintenance', 'assigned', 'Sensor de humo emite alerta intermitente', 'El sensor suena cada pocos minutos sin presencia de humo.', 'https://loremflickr.com/900/650/smoke,detector?lock=2015', null, null, '3cc66a05-5bea-54ca-8d03-dcad81a70a00', 0.85, 'Clasificado como security por texto del reporte, ubicación y evidencia visual.', '2026-06-24T15:45:00Z', '2026-06-25T10:45:00Z', null),
  ('79be2837-39cb-56a9-9306-cc2c1817204e', '7ceb163a-0011-535a-98c9-72947f950b04', 'maintenance', 'classified', 'Mancha de humedad en techo', 'Apareció una mancha nueva sobre la pizarra después de la lluvia.', 'https://loremflickr.com/900/650/ceiling,stain?lock=2016', null, null, '947685bb-5db6-527d-be53-9633c6f9e0e8', 0.86, 'Clasificado como infrastructure por texto del reporte, ubicación y evidencia visual.', '2026-06-21T08:52:00Z', '2026-06-21T12:52:00Z', null),
  ('9c20e3fe-946c-5f7f-85fe-0662e87c30ba', 'b4dab77f-2a2c-53df-a1ef-c9c6fcdf5c7a', 'maintenance', 'assigned', 'Tomacorriente sin tapa', 'El tomacorriente cerca de la ventana quedó sin cubierta protectora.', 'https://loremflickr.com/900/650/electrical,outlet?lock=2017', null, null, 'ac03cf09-63ae-50e9-bc79-7e7e7f6ca38e', 0.87, 'Clasificado como electrical por texto del reporte, ubicación y evidencia visual.', '2026-06-18T09:59:00Z', '2026-06-18T14:59:00Z', null),
  ('6442d5e8-9a39-5652-85dc-b61621118ee1', '2d9f9b25-1bff-57a2-b166-00813d5a9d41', 'maintenance', 'assigned', 'Lavadora de residencia no drena', 'La lavadora termina el ciclo con agua acumulada dentro del tambor.', 'https://loremflickr.com/900/650/washing,machine?lock=2018', null, null, 'f547edf3-d569-5065-baa6-87cad833781a', 0.88, 'Clasificado como plumbing por texto del reporte, ubicación y evidencia visual.', '2026-06-15T10:06:00Z', '2026-06-15T16:06:00Z', null),
  ('cff2cc09-d700-55ee-9ab2-57ba63a7aff9', '04dd5adc-0b73-58a2-b8aa-6a5f93db0b15', 'maintenance', 'classified', 'Aula con olor a humedad', 'El ambiente mantiene olor fuerte desde hace varios días.', 'https://loremflickr.com/900/650/humidity,classroom?lock=2019', null, null, '3cbcb4cc-ad3e-5030-af37-86612f6e9c18', 0.89, 'Clasificado como cleaning por texto del reporte, ubicación y evidencia visual.', '2026-06-12T11:13:00Z', '2026-06-12T18:13:00Z', null),
  ('e0a9a009-d681-55b2-aae2-9a8b011c04eb', '3249c000-aa18-5d68-ba20-c1ebe6246d61', 'maintenance', 'in_progress', 'Control de acceso no reconoce tarjetas', 'El lector del ingreso rechaza tarjetas activas de estudiantes.', 'https://loremflickr.com/900/650/access,control?lock=2020', null, null, '29305a59-6b6f-5d6c-b88a-375ae0bac579', 0.9, 'Clasificado como security por texto del reporte, ubicación y evidencia visual.', '2026-06-09T12:20:00Z', '2026-06-09T20:20:00Z', null),
  ('31d22d8b-23c4-505f-85cf-2a4d64e5c893', '3cd56141-7ece-5079-8a9c-5bf5dc8fb739', 'maintenance', 'in_progress', 'Goteras en cancha techada', 'Se filtra agua por tres puntos cuando llueve y cae sobre la zona lateral.', 'https://loremflickr.com/900/650/roof,leak?lock=2021', null, null, '328cc730-98b7-5252-a25d-34431cb0ba92', 0.91, 'Clasificado como infrastructure por texto del reporte, ubicación y evidencia visual.', '2026-06-06T13:27:00Z', '2026-06-06T22:27:00Z', null),
  ('7403bdc4-4558-5e57-9353-b9140867f4d1', '56cf75da-f55a-56a4-a3b7-377995e906d4', 'maintenance', 'assigned', 'Extractor de cocina no enciende', 'El extractor dejó de funcionar durante el turno de almuerzo.', 'https://loremflickr.com/900/650/kitchen,extractor?lock=2022', null, null, 'fd19b4ac-9df6-5434-b57f-b07b22e9b29f', 0.92, 'Clasificado como hvac por texto del reporte, ubicación y evidencia visual.', '2026-06-03T14:34:00Z', '2026-06-04T00:34:00Z', null),
  ('37baca6d-63d3-5984-aaa3-2589327804c3', '5b48465a-080f-568a-88f2-29086ca3bdb1', 'maintenance', 'resolved', 'Pizarra acrílica desprendida', 'La pizarra se separó de dos soportes y queda inclinada.', 'https://loremflickr.com/900/650/whiteboard?lock=2023', null, null, 'b372dead-d236-56bd-883a-6ff6fd7273e2', 0.93, 'Clasificado como infrastructure por texto del reporte, ubicación y evidencia visual.', '2026-05-31T15:41:00Z', '2026-06-01T02:41:00Z', '2026-06-01T02:41:00Z'),
  ('821a120d-fb65-516a-800a-024723e9a200', 'b8242449-4a57-560d-af65-a6b40384fc4c', 'maintenance', 'classified', 'Grifo de lavadero con presión baja', 'El caudal es mínimo y se demora en llenar recipientes de limpieza.', 'https://loremflickr.com/900/650/faucet?lock=2024', null, null, '927cf97b-4a8b-5201-84a1-f83a432fd83e', 0.7, 'Clasificado como plumbing por texto del reporte, ubicación y evidencia visual.', '2026-05-28T08:48:00Z', '2026-05-28T20:48:00Z', null),
  ('59a0797a-1c4a-5425-acf7-2afc86ef4de0', '44dc9c94-9e13-583e-be26-65699929fc5d', 'maintenance', 'assigned', 'Foco apagado en vestidores', 'Una zona queda oscura al final de la tarde.', 'https://loremflickr.com/900/650/locker,light?lock=2025', null, null, 'ef078d55-1f64-5ca3-9a5d-2933add329eb', 0.71, 'Clasificado como electrical por texto del reporte, ubicación y evidencia visual.', '2026-05-25T09:55:00Z', '2026-05-25T22:55:00Z', null),
  ('873419c8-5d5a-5b53-90c1-481a5f5513b2', 'f32c2821-1e8d-587b-8bdf-43450d6ffd6a', 'maintenance', 'resolved', 'Mesa coja en cubículo grupal', 'La mesa se mueve mucho al escribir y una pata está doblada.', 'https://loremflickr.com/900/650/classroom,table?lock=2026', null, null, '6f566801-face-5860-b1fa-26016f18b58c', 0.72, 'Clasificado como infrastructure por texto del reporte, ubicación y evidencia visual.', '2026-06-29T10:02:00Z', '2026-06-30T00:02:00Z', '2026-06-30T00:02:00Z'),
  ('48c8038d-f690-59ff-b833-5daa5e19c5d3', '03a16c96-b6f2-51cf-a899-8560feb029e6', 'maintenance', 'closed', 'Acumulación de polvo en archivo', 'Los estantes tienen polvo visible y afecta a quienes ingresan al archivo.', 'https://loremflickr.com/900/650/dust,shelves?lock=2027', null, null, 'f3336fbc-a8b1-5991-9640-0dd6e36ebd7f', 0.73, 'Clasificado como cleaning por texto del reporte, ubicación y evidencia visual.', '2026-06-26T11:09:00Z', '2026-06-27T02:09:00Z', '2026-06-27T02:09:00Z'),
  ('b5a7f107-5ca3-5890-b0af-3e1fde546bdd', 'ceddb027-da35-5072-b338-13be73f590dd', 'maintenance', 'assigned', 'Panel eléctrico con tapa abierta', 'La tapa del tablero quedó abierta después de una revisión previa.', 'https://loremflickr.com/900/650/electrical,panel?lock=2028', null, null, 'd3579cc8-47a3-53d6-ba83-ea2bc1612d8f', 0.74, 'Clasificado como electrical por texto del reporte, ubicación y evidencia visual.', '2026-06-23T12:16:00Z', '2026-06-24T04:16:00Z', null),
  ('2462a76e-cd4a-5e18-8c82-3f7ca92ac35e', '87995fef-e5e3-5aaf-ba05-0ea0d20bc733', 'maintenance', 'cancelled', 'Alarma de puerta se activa sola', 'La alarma del ingreso se activa sin apertura de la puerta.', 'https://loremflickr.com/900/650/door,alarm?lock=2029', null, null, 'd2b8745f-fc14-5d83-85db-43af107cee72', 0.75, 'Clasificado como security por texto del reporte, ubicación y evidencia visual.', '2026-06-20T13:23:00Z', '2026-06-21T06:23:00Z', null),
  ('c5f8f0a1-e642-5665-b601-04d5f60aba1b', '8f4e684e-2067-5bfb-a8b1-b554bcb3108e', 'maintenance', 'new', 'Ducto de aire con vibración', 'Se escucha vibración constante sobre la zona de atención.', 'https://loremflickr.com/900/650/ventilation,duct?lock=2030', null, null, '5b610e97-96aa-5df1-a265-b2223e992bb9', 0.76, 'Clasificado como hvac por texto del reporte, ubicación y evidencia visual.', '2026-06-17T14:30:00Z', '2026-06-18T08:30:00Z', null),
  ('f456a5c6-c2b3-55af-ba31-091d09a5684f', 'e5b437e2-56b8-5962-beb9-80d559a8b607', 'found_item', 'classified', 'Mochila negra con llavero rojo', 'Reporte de objeto encontrado: Llavero rojo de goma en el cierre principal.', 'https://loremflickr.com/900/650/black,backpack?lock=3001', null, null, 'd2b8745f-fc14-5d83-85db-43af107cee72', 0.68, 'Clasificación sugerida por categoría Mochila, color negro y descripción del usuario.', '2026-06-28T10:11:00Z', '2026-06-28T18:11:00Z', null),
  ('94e95874-a457-57ae-b106-3133fdae0853', '2d9f9b25-1bff-57a2-b166-00813d5a9d41', 'found_item', 'waiting_claim', 'Laptop Lenovo ThinkPad', 'Reporte de objeto encontrado: Sticker pequeño de Python junto al touchpad.', 'https://loremflickr.com/900/650/lenovo,laptop?lock=3002', null, null, '5b610e97-96aa-5df1-a265-b2223e992bb9', 0.69, 'Clasificación sugerida por categoría Laptop, color negro y descripción del usuario.', '2026-06-26T11:22:00Z', '2026-06-27T00:22:00Z', null),
  ('9d766467-fd3b-527c-a149-261514caf464', '03a16c96-b6f2-51cf-a899-8560feb029e6', 'lost_item', 'waiting_claim', 'Audífonos inalámbricos', 'Reporte de objeto perdido: Estuche con una marca blanca en la tapa.', 'https://loremflickr.com/900/650/wireless,earbuds?lock=3003', null, null, '1418845d-92df-5fcc-af0a-005245bb01c0', 0.7, 'Clasificación sugerida por categoría Audífonos, color negro y descripción del usuario.', '2026-06-24T12:33:00Z', '2026-06-25T06:33:00Z', null),
  ('975f35bb-c51c-5344-a796-b8c4026b19c0', 'b097b8d9-d456-5244-b8e4-b97eb8770072', 'found_item', 'classified', 'Botella metálica azul', 'Reporte de objeto encontrado: Tiene iniciales VQ en la base.', 'https://loremflickr.com/900/650/blue,bottle?lock=3004', null, null, '7b1d097d-dc00-5e89-a3c8-626fb2aeee3f', 0.71, 'Clasificación sugerida por categoría Botella, color azul y descripción del usuario.', '2026-06-22T13:44:00Z', '2026-06-23T12:44:00Z', null),
  ('65bdd20c-671b-5caa-9ad8-6a7a4f2714ac', '5b48465a-080f-568a-88f2-29086ca3bdb1', 'found_item', 'waiting_claim', 'Billetera marrón', 'Reporte de objeto encontrado: Contiene carnet universitario sin dinero.', 'https://loremflickr.com/900/650/brown,wallet?lock=3005', null, null, '36bc7821-fb97-5add-b898-ae7e3fb89e23', 0.72, 'Clasificación sugerida por categoría Billetera, color marrón y descripción del usuario.', '2026-06-20T14:55:00Z', '2026-06-21T18:55:00Z', null),
  ('c8e958de-e442-574a-875e-14e55c2599fa', 'b8dcf1b5-68bd-509c-862d-567f0677ade0', 'found_item', 'closed', 'Juego de llaves con cinta amarilla', 'Reporte de objeto encontrado: Tres llaves y cinta amarilla de identificación.', 'https://loremflickr.com/900/650/keys?lock=3006', null, null, 'c4ffb0d6-a7ba-5d76-aa1c-e69a6107aeeb', 0.73, 'Clasificación sugerida por categoría Llaves, color plateado y descripción del usuario.', '2026-06-18T15:06:00Z', '2026-06-20T00:06:00Z', '2026-06-20T00:06:00Z'),
  ('9407a497-8e46-5e71-a78d-d5b2d1184bfd', '04dd5adc-0b73-58a2-b8aa-6a5f93db0b15', 'lost_item', 'classified', 'Cuaderno universitario A4', 'Reporte de objeto perdido: Carátula de economía con nombre parcial.', 'https://loremflickr.com/900/650/green,notebook?lock=3007', null, null, '5d7aeb6c-6133-536d-962a-525f3576ff6d', 0.74, 'Clasificación sugerida por categoría Cuaderno, color verde y descripción del usuario.', '2026-06-16T16:17:00Z', '2026-06-18T06:17:00Z', null),
  ('4459cc16-d205-581d-8280-5d3dcf21e825', 'ceddb027-da35-5072-b338-13be73f590dd', 'found_item', 'waiting_claim', 'Calculadora científica', 'Reporte de objeto encontrado: Modelo fx-991 con tapa rayada.', 'https://loremflickr.com/900/650/scientific,calculator?lock=3008', null, null, '36820bcd-8a04-5ccb-b489-c7d4cd71a677', 0.75, 'Clasificación sugerida por categoría Calculadora, color gris y descripción del usuario.', '2026-06-14T17:28:00Z', '2026-06-16T12:28:00Z', null),
  ('d0b3dc11-4b20-54ff-8640-1f7a25b145b4', '04a29933-50f1-54c3-8543-b1c1ccec019f', 'found_item', 'closed', 'Paraguas plegable', 'Reporte de objeto encontrado: Mango curvo con etiqueta de una tienda.', 'https://loremflickr.com/900/650/folding,umbrella?lock=3009', null, null, 'e6474dff-9a22-5920-8142-38ce6f99ec36', 0.76, 'Clasificación sugerida por categoría Paraguas, color azul oscuro y descripción del usuario.', '2026-06-12T09:39:00Z', '2026-06-12T15:39:00Z', '2026-06-12T15:39:00Z'),
  ('4d26b9a4-dad8-5b1f-8351-5dac6fc7c35b', 'b8242449-4a57-560d-af65-a6b40384fc4c', 'lost_item', 'waiting_claim', 'Lentes con montura negra', 'Reporte de objeto perdido: Estuche rígido color gris.', 'https://loremflickr.com/900/650/eyeglasses?lock=3010', null, null, '20e52487-24eb-5220-aa5b-25cc6ef58ba9', 0.77, 'Clasificación sugerida por categoría Lentes, color negro y descripción del usuario.', '2026-06-10T10:50:00Z', '2026-06-10T21:50:00Z', null),
  ('57bb06ba-86ef-52e7-adae-fa3e29a0f7ca', 'e291afad-2985-512e-94ba-02455458d411', 'found_item', 'classified', 'Cargador USB-C de laptop', 'Reporte de objeto encontrado: Cable con cinta transparente cerca del conector.', 'https://loremflickr.com/900/650/usb-c,charger?lock=3011', null, null, '3cc66a05-5bea-54ca-8d03-dcad81a70a00', 0.78, 'Clasificación sugerida por categoría Cargador, color blanco y descripción del usuario.', '2026-06-08T11:01:00Z', '2026-06-09T03:01:00Z', null),
  ('6b5942c3-d4c6-55e2-8740-c7330e8b464b', '3249c000-aa18-5d68-ba20-c1ebe6246d61', 'lost_item', 'classified', 'Zapatillas deportivas', 'Reporte de objeto perdido: Bolsa transparente con medias dentro.', 'https://loremflickr.com/900/650/adidas,shoes?lock=3012', null, null, '947685bb-5db6-527d-be53-9633c6f9e0e8', 0.79, 'Clasificación sugerida por categoría Ropa deportiva, color blanco y descripción del usuario.', '2026-06-06T12:12:00Z', '2026-06-07T09:12:00Z', null),
  ('21a4be30-1922-5972-8dec-8ada90179ef7', '87995fef-e5e3-5aaf-ba05-0ea0d20bc733', 'found_item', 'closed', 'Lonchera térmica', 'Reporte de objeto encontrado: Tiene un sticker de gato en la tapa.', 'https://loremflickr.com/900/650/lunch,box?lock=3013', null, null, 'ac03cf09-63ae-50e9-bc79-7e7e7f6ca38e', 0.8, 'Clasificación sugerida por categoría Lonchera, color rojo y descripción del usuario.', '2026-06-04T13:23:00Z', '2026-06-05T15:23:00Z', '2026-06-05T15:23:00Z'),
  ('f26c174d-37c6-50ae-8f95-cde1f7f31a11', '7ceb163a-0011-535a-98c9-72947f950b04', 'found_item', 'waiting_claim', 'Celular Android', 'Reporte de objeto encontrado: Funda azul con borde gastado.', 'https://loremflickr.com/900/650/samsung,phone?lock=3014', null, null, 'f547edf3-d569-5065-baa6-87cad833781a', 0.81, 'Clasificación sugerida por categoría Celular, color negro y descripción del usuario.', '2026-06-02T14:34:00Z', '2026-06-03T21:34:00Z', null),
  ('1dfe3665-c72a-5538-a1c0-65ba37eec045', '44dc9c94-9e13-583e-be26-65699929fc5d', 'found_item', 'closed', 'Carnet universitario', 'Reporte de objeto encontrado: Carnet de estudiante de ingeniería.', 'https://loremflickr.com/900/650/student,id?lock=3015', null, null, '3cbcb4cc-ad3e-5030-af37-86612f6e9c18', 0.82, 'Clasificación sugerida por categoría Documento, color blanco y descripción del usuario.', '2026-05-31T15:45:00Z', '2026-06-02T03:45:00Z', '2026-06-02T03:45:00Z'),
  ('520a3821-f082-5b64-a666-5725388bbae6', 'e6e648c2-254e-5d53-8186-fcf318f74823', 'lost_item', 'classified', 'Casaca jean', 'Reporte de objeto perdido: Bordado pequeño en la manga izquierda.', 'https://loremflickr.com/900/650/denim,jacket?lock=3016', null, null, '29305a59-6b6f-5d6c-b88a-375ae0bac579', 0.83, 'Clasificación sugerida por categoría Ropa, color azul y descripción del usuario.', '2026-05-29T16:56:00Z', '2026-05-31T09:56:00Z', null),
  ('0ad67a17-0109-5a4b-bf8f-e31114bee2a7', '3cd56141-7ece-5079-8a9c-5bf5dc8fb739', 'found_item', 'waiting_claim', 'Libro de cálculo', 'Reporte de objeto encontrado: Separador amarillo en el capítulo 4.', 'https://loremflickr.com/900/650/calculus,book?lock=3017', null, null, '328cc730-98b7-5252-a25d-34431cb0ba92', 0.84, 'Clasificación sugerida por categoría Libro, color multicolor y descripción del usuario.', '2026-05-27T17:07:00Z', '2026-05-27T21:07:00Z', null),
  ('ea57706f-1a32-538a-a8a1-d236330f91ff', '8f4e684e-2067-5bfb-a8b1-b554bcb3108e', 'found_item', 'classified', 'Cartuchera de tela', 'Reporte de objeto encontrado: Contiene resaltadores y regla pequeña.', 'https://loremflickr.com/900/650/pencil,case?lock=3018', null, null, 'fd19b4ac-9df6-5434-b57f-b07b22e9b29f', 0.85, 'Clasificación sugerida por categoría Cartuchera, color morado y descripción del usuario.', '2026-05-25T09:18:00Z', '2026-05-25T18:18:00Z', null),
  ('a5dc9559-389d-5a79-a5f1-35d2a9ee67c2', 'b4dab77f-2a2c-53df-a1ef-c9c6fcdf5c7a', 'lost_item', 'waiting_claim', 'Tablet con funda gris', 'Reporte de objeto perdido: Funda con teclado desmontable.', 'https://loremflickr.com/900/650/tablet,keyboard?lock=3019', null, null, 'b372dead-d236-56bd-883a-6ff6fd7273e2', 0.86, 'Clasificación sugerida por categoría Tablet, color gris y descripción del usuario.', '2026-05-23T10:29:00Z', '2026-05-24T00:29:00Z', null),
  ('e9b4a612-3aa7-5191-94b9-f2a76e5ca84d', 'f32c2821-1e8d-587b-8bdf-43450d6ffd6a', 'found_item', 'classified', 'Reloj inteligente', 'Reporte de objeto encontrado: Correa de silicona con desgaste.', 'https://loremflickr.com/900/650/smartwatch?lock=3020', null, null, '927cf97b-4a8b-5201-84a1-f83a432fd83e', 0.87, 'Clasificación sugerida por categoría Reloj, color negro y descripción del usuario.', '2026-05-21T11:40:00Z', '2026-05-22T06:40:00Z', null),
  ('ad1f771f-e0e1-5d64-97d7-fa5c7fe70fc0', '41d69b8a-0a43-5e43-8ebd-98ba68f9e5f8', 'lost_item', 'closed', 'Cámara compacta', 'Reporte de objeto perdido: Tarjeta SD pegada con cinta al estuche.', 'https://loremflickr.com/900/650/compact,camera?lock=3021', null, null, 'ef078d55-1f64-5ca3-9a5d-2933add329eb', 0.88, 'Clasificación sugerida por categoría Cámara, color negro y descripción del usuario.', '2026-05-19T12:51:00Z', '2026-05-20T12:51:00Z', '2026-05-20T12:51:00Z'),
  ('4a9b5257-d9eb-5670-9afa-6f3ea8c1c913', '56cf75da-f55a-56a4-a3b7-377995e906d4', 'found_item', 'classified', 'Casco de bicicleta', 'Reporte de objeto encontrado: Raspón lateral derecho.', 'https://loremflickr.com/900/650/bicycle,helmet?lock=3022', null, null, '6f566801-face-5860-b1fa-26016f18b58c', 0.89, 'Clasificación sugerida por categoría Accesorio, color rojo y descripción del usuario.', '2026-05-17T13:02:00Z', '2026-05-18T18:02:00Z', null),
  ('0f04e86e-477c-5b2c-8eab-ad0de872daa8', 'e5b437e2-56b8-5962-beb9-80d559a8b607', 'found_item', 'closed', 'Gorra con logo', 'Reporte de objeto encontrado: Logo bordado de club deportivo.', 'https://loremflickr.com/900/650/blue,cap?lock=3023', null, null, 'f3336fbc-a8b1-5991-9640-0dd6e36ebd7f', 0.9, 'Clasificación sugerida por categoría Ropa, color azul y descripción del usuario.', '2026-06-30T14:13:00Z', '2026-07-02T00:13:00Z', '2026-07-02T00:13:00Z'),
  ('343b1dd8-83ca-557e-93f4-ee09daf2578f', '2d9f9b25-1bff-57a2-b166-00813d5a9d41', 'lost_item', 'classified', 'Bufanda tejida', 'Reporte de objeto perdido: Tejido grueso con etiqueta artesanal.', 'https://loremflickr.com/900/650/gray,scarf?lock=3024', null, null, 'd3579cc8-47a3-53d6-ba83-ea2bc1612d8f', 0.91, 'Clasificación sugerida por categoría Ropa, color gris y descripción del usuario.', '2026-06-28T15:24:00Z', '2026-06-30T06:24:00Z', null),
  ('7ded4e5a-386e-508c-8f62-8d921603959d', '03a16c96-b6f2-51cf-a899-8560feb029e6', 'found_item', 'waiting_claim', 'Termo plateado', 'Reporte de objeto encontrado: Abolladura pequeña en la tapa.', 'https://loremflickr.com/900/650/silver,thermos?lock=3025', null, null, 'd2b8745f-fc14-5d83-85db-43af107cee72', 0.92, 'Clasificación sugerida por categoría Botella, color plateado y descripción del usuario.', '2026-06-26T16:35:00Z', '2026-06-28T12:35:00Z', null),
  ('fc46f06c-2110-593c-9f6e-d85e409bccf7', 'b097b8d9-d456-5244-b8e4-b97eb8770072', 'found_item', 'classified', 'Memoria USB', 'Reporte de objeto encontrado: Tiene cinta verde atada.', 'https://loremflickr.com/900/650/usb,flash,drive?lock=3026', null, null, '5b610e97-96aa-5df1-a265-b2223e992bb9', 0.67, 'Clasificación sugerida por categoría Electrónico, color negro y descripción del usuario.', '2026-06-24T17:46:00Z', '2026-06-25T00:46:00Z', null),
  ('e90d55ce-f3be-5fee-b23d-a0d531d666d8', '5b48465a-080f-568a-88f2-29086ca3bdb1', 'lost_item', 'waiting_claim', 'Mouse inalámbrico', 'Reporte de objeto perdido: Sin receptor USB, etiqueta con iniciales AR.', 'https://loremflickr.com/900/650/wireless,mouse?lock=3027', null, null, '1418845d-92df-5fcc-af0a-005245bb01c0', 0.68, 'Clasificación sugerida por categoría Electrónico, color gris y descripción del usuario.', '2026-06-22T09:57:00Z', '2026-06-22T21:57:00Z', null),
  ('75a48a3b-16c8-5df8-ac96-ffeece2ca058', 'b8dcf1b5-68bd-509c-862d-567f0677ade0', 'found_item', 'classified', 'Bolsa de tela', 'Reporte de objeto encontrado: Estampado de hojas verdes.', 'https://loremflickr.com/900/650/tote,bag?lock=3028', null, null, '7b1d097d-dc00-5e89-a3c8-626fb2aeee3f', 0.69, 'Clasificación sugerida por categoría Bolsa, color beige y descripción del usuario.', '2026-06-20T10:08:00Z', '2026-06-21T03:08:00Z', null),
  ('ebc5b49f-5fbb-5882-a28d-0b92db3c484d', '04dd5adc-0b73-58a2-b8aa-6a5f93db0b15', 'lost_item', 'waiting_claim', 'Folder con apuntes', 'Reporte de objeto perdido: Apuntes de estadística y separadores rosados.', 'https://loremflickr.com/900/650/yellow,folder?lock=3029', null, null, '36bc7821-fb97-5add-b898-ae7e3fb89e23', 0.7, 'Clasificación sugerida por categoría Documento, color amarillo y descripción del usuario.', '2026-06-18T11:19:00Z', '2026-06-19T09:19:00Z', null),
  ('170139e6-1d15-5f8a-8e32-14a7324288c1', 'ceddb027-da35-5072-b338-13be73f590dd', 'found_item', 'closed', 'Estuche de guitarra', 'Reporte de objeto encontrado: Etiqueta de viaje pegada al asa.', 'https://loremflickr.com/900/650/guitar,case?lock=3030', null, null, 'c4ffb0d6-a7ba-5d76-aa1c-e69a6107aeeb', 0.71, 'Clasificación sugerida por categoría Instrumento, color negro y descripción del usuario.', '2026-06-16T12:30:00Z', '2026-06-17T15:30:00Z', '2026-06-17T15:30:00Z');
insert into public.maintenance_incidents (report_id, category, urgency, assigned_to, due_at, completed_at, created_at, updated_at) values
  ('900ad972-f1ee-54e8-8876-b5195643dc3a', 'plumbing', 'high', '99c24bf2-8b4a-5f3c-9597-72291f58850b', '2026-06-28T03:07:00Z', null, '2026-06-28T09:07:00Z', '2026-06-28T14:07:00Z'),
  ('eb261ff3-2ee5-5e4a-bd87-3a6f66efb264', 'electrical', 'medium', '75ce0d9b-2289-55bd-8bbb-46633c223a50', '2026-06-25T14:14:00Z', null, '2026-06-25T10:14:00Z', '2026-06-25T16:14:00Z'),
  ('3067a2ea-45d0-52d9-b716-eef384898411', 'hvac', 'high', '1bf854c6-114a-575c-9b94-0cae5d8c3110', '2026-06-23T05:21:00Z', null, '2026-06-22T11:21:00Z', '2026-06-22T18:21:00Z'),
  ('fb5015e1-95cd-51f8-a0bb-d2542138482e', 'infrastructure', 'medium', null, '2026-06-21T00:28:00Z', null, '2026-06-19T12:28:00Z', '2026-06-19T20:28:00Z'),
  ('df9d2156-e7ec-5a66-94fe-44badd820ac3', 'cleaning', 'low', '99e23771-0461-5245-961d-f5caaa88dad8', null, '2026-06-16T22:35:00Z', '2026-06-16T13:35:00Z', '2026-06-16T22:35:00Z'),
  ('0340aadc-7177-5ea6-8fcc-5314d8fcad13', 'security', 'high', '1f4107af-06cc-5eaa-b270-67867836c628', '2026-06-12T14:42:00Z', null, '2026-06-13T14:42:00Z', '2026-06-14T00:42:00Z'),
  ('7b1b0815-55f2-54a3-bdd9-5094a9146836', 'electrical', 'critical', '8e0a83cf-5f53-55d5-8746-1d4fc438756b', '2026-06-10T09:49:00Z', null, '2026-06-10T15:49:00Z', '2026-06-11T02:49:00Z'),
  ('2f6e7135-ceba-5b9a-aa8b-802135efedd7', 'infrastructure', 'medium', null, '2026-06-07T12:56:00Z', null, '2026-06-07T08:56:00Z', '2026-06-07T20:56:00Z'),
  ('132cbc58-0f20-5dca-b18e-4932635bcdc1', 'plumbing', 'medium', 'c19c07d8-3b67-5a8e-9b8a-7fce8f203aae', '2026-06-05T03:03:00Z', null, '2026-06-04T09:03:00Z', '2026-06-04T22:03:00Z'),
  ('fc2249c8-7206-5c2c-9021-c60eb786fc5d', 'cleaning', 'low', '38a00e20-f19a-5ba2-8f82-f658d711f995', null, '2026-06-02T00:10:00Z', '2026-06-01T10:10:00Z', '2026-06-02T00:10:00Z'),
  ('e1c48698-d07f-5f60-aa69-3c93329fd95e', 'hvac', 'medium', '99c24bf2-8b4a-5f3c-9597-72291f58850b', '2026-05-31T11:17:00Z', null, '2026-05-29T11:17:00Z', '2026-05-30T02:17:00Z'),
  ('993c1768-8d84-52f0-8103-1bbdd7d04eab', 'infrastructure', 'critical', '75ce0d9b-2289-55bd-8bbb-46633c223a50', '2026-05-25T12:24:00Z', null, '2026-05-26T12:24:00Z', '2026-05-27T04:24:00Z'),
  ('a191df04-a037-58e3-9aeb-4b339bbcd887', 'electrical', 'critical', null, '2026-06-30T07:31:00Z', null, '2026-06-30T13:31:00Z', '2026-07-01T06:31:00Z'),
  ('791069a4-9a4a-530c-9e71-d72492de95e4', 'cleaning', 'low', 'd1fc7a29-2a6c-5622-b40c-c6ba8d21bfc3', null, '2026-06-28T08:38:00Z', '2026-06-27T14:38:00Z', '2026-06-28T08:38:00Z'),
  ('da72ed4d-a50d-523e-b590-ed3190775dcf', 'security', 'high', '99e23771-0461-5245-961d-f5caaa88dad8', '2026-06-25T09:45:00Z', null, '2026-06-24T15:45:00Z', '2026-06-25T10:45:00Z'),
  ('79be2837-39cb-56a9-9306-cc2c1817204e', 'infrastructure', 'high', null, '2026-06-22T20:52:00Z', null, '2026-06-21T08:52:00Z', '2026-06-21T12:52:00Z'),
  ('9c20e3fe-946c-5f7f-85fe-0662e87c30ba', 'electrical', 'high', '8e0a83cf-5f53-55d5-8746-1d4fc438756b', '2026-06-20T09:59:00Z', null, '2026-06-18T09:59:00Z', '2026-06-18T14:59:00Z'),
  ('6442d5e8-9a39-5652-85dc-b61621118ee1', 'plumbing', 'medium', 'db0ca1c2-23e1-5a3d-91ae-d96242900e31', '2026-06-14T10:06:00Z', null, '2026-06-15T10:06:00Z', '2026-06-15T16:06:00Z'),
  ('cff2cc09-d700-55ee-9ab2-57ba63a7aff9', 'cleaning', 'medium', null, '2026-06-12T05:13:00Z', null, '2026-06-12T11:13:00Z', '2026-06-12T18:13:00Z'),
  ('e0a9a009-d681-55b2-aae2-9a8b011c04eb', 'security', 'medium', '38a00e20-f19a-5ba2-8f82-f658d711f995', '2026-06-09T16:20:00Z', null, '2026-06-09T12:20:00Z', '2026-06-09T20:20:00Z'),
  ('31d22d8b-23c4-505f-85cf-2a4d64e5c893', 'infrastructure', 'critical', '99c24bf2-8b4a-5f3c-9597-72291f58850b', '2026-06-07T07:27:00Z', null, '2026-06-06T13:27:00Z', '2026-06-06T22:27:00Z'),
  ('7403bdc4-4558-5e57-9353-b9140867f4d1', 'hvac', 'high', '75ce0d9b-2289-55bd-8bbb-46633c223a50', '2026-06-05T02:34:00Z', null, '2026-06-03T14:34:00Z', '2026-06-04T00:34:00Z'),
  ('37baca6d-63d3-5984-aaa3-2589327804c3', 'infrastructure', 'medium', '1bf854c6-114a-575c-9b94-0cae5d8c3110', null, '2026-06-01T02:41:00Z', '2026-05-31T15:41:00Z', '2026-06-01T02:41:00Z'),
  ('821a120d-fb65-516a-800a-024723e9a200', 'plumbing', 'low', null, '2026-05-27T08:48:00Z', null, '2026-05-28T08:48:00Z', '2026-05-28T20:48:00Z'),
  ('59a0797a-1c4a-5425-acf7-2afc86ef4de0', 'electrical', 'medium', '99e23771-0461-5245-961d-f5caaa88dad8', '2026-05-25T03:55:00Z', null, '2026-05-25T09:55:00Z', '2026-05-25T22:55:00Z'),
  ('873419c8-5d5a-5b53-90c1-481a5f5513b2', 'infrastructure', 'low', '1f4107af-06cc-5eaa-b270-67867836c628', null, '2026-06-30T00:02:00Z', '2026-06-29T10:02:00Z', '2026-06-30T00:02:00Z'),
  ('48c8038d-f690-59ff-b833-5daa5e19c5d3', 'cleaning', 'low', '8e0a83cf-5f53-55d5-8746-1d4fc438756b', null, '2026-06-27T02:09:00Z', '2026-06-26T11:09:00Z', '2026-06-27T02:09:00Z'),
  ('b5a7f107-5ca3-5890-b0af-3e1fde546bdd', 'electrical', 'critical', 'db0ca1c2-23e1-5a3d-91ae-d96242900e31', '2026-06-25T00:16:00Z', null, '2026-06-23T12:16:00Z', '2026-06-24T04:16:00Z'),
  ('2462a76e-cd4a-5e18-8c82-3f7ca92ac35e', 'security', 'medium', null, null, null, '2026-06-20T13:23:00Z', '2026-06-21T06:23:00Z'),
  ('c5f8f0a1-e642-5665-b601-04d5f60aba1b', 'hvac', 'medium', null, '2026-06-16T14:30:00Z', null, '2026-06-17T14:30:00Z', '2026-06-18T08:30:00Z');
insert into public.lost_items (report_id, item_name, item_category, color, brand, distinguishing_marks, status, custody_location, delivered_at, created_at, updated_at) values
  ('f456a5c6-c2b3-55af-ba31-091d09a5684f', 'Mochila negra con llavero rojo', 'Mochila', 'negro', 'Nike', 'Llavero rojo de goma en el cierre principal', 'unclaimed', 'Biblioteca Central, módulo de custodia', null, '2026-06-28T10:11:00Z', '2026-06-28T18:11:00Z'),
  ('94e95874-a457-57ae-b106-3133fdae0853', 'Laptop Lenovo ThinkPad', 'Laptop', 'negro', 'Lenovo', 'Sticker pequeño de Python junto al touchpad', 'claim_pending', 'Seguridad, ingreso principal', null, '2026-06-26T11:22:00Z', '2026-06-27T00:22:00Z'),
  ('9d766467-fd3b-527c-a149-261514caf464', 'Audífonos inalámbricos', 'Audífonos', 'negro', 'Sony', 'Estuche con una marca blanca en la tapa', 'claim_pending', 'Oficina de objetos perdidos', null, '2026-06-24T12:33:00Z', '2026-06-25T06:33:00Z'),
  ('975f35bb-c51c-5344-a796-b8c4026b19c0', 'Botella metálica azul', 'Botella', 'azul', 'Hydro Flask', 'Tiene iniciales VQ en la base', 'unclaimed', 'Cafetería, caja', null, '2026-06-22T13:44:00Z', '2026-06-23T12:44:00Z'),
  ('65bdd20c-671b-5caa-9ad8-6a7a4f2714ac', 'Billetera marrón', 'Billetera', 'marrón', null, 'Contiene carnet universitario sin dinero', 'claimed', 'Administración, mesa de partes', null, '2026-06-20T14:55:00Z', '2026-06-21T18:55:00Z'),
  ('c8e958de-e442-574a-875e-14e55c2599fa', 'Juego de llaves con cinta amarilla', 'Llaves', 'plateado', null, 'Tres llaves y cinta amarilla de identificación', 'delivered', 'Seguridad, ingreso principal', '2026-06-20T00:06:00Z', '2026-06-18T15:06:00Z', '2026-06-20T00:06:00Z'),
  ('9407a497-8e46-5e71-a78d-d5b2d1184bfd', 'Cuaderno universitario A4', 'Cuaderno', 'verde', 'Standford', 'Carátula de economía con nombre parcial', 'unclaimed', 'Biblioteca Central, hemeroteca', null, '2026-06-16T16:17:00Z', '2026-06-18T06:17:00Z'),
  ('4459cc16-d205-581d-8280-5d3dcf21e825', 'Calculadora científica', 'Calculadora', 'gris', 'Casio', 'Modelo fx-991 con tapa rayada', 'claim_pending', 'Laboratorio de cómputo 1', null, '2026-06-14T17:28:00Z', '2026-06-16T12:28:00Z'),
  ('d0b3dc11-4b20-54ff-8640-1f7a25b145b4', 'Paraguas plegable', 'Paraguas', 'azul oscuro', null, 'Mango curvo con etiqueta de una tienda', 'archived', 'Depósito de objetos perdidos', null, '2026-06-12T09:39:00Z', '2026-06-12T15:39:00Z'),
  ('4d26b9a4-dad8-5b1f-8351-5dac6fc7c35b', 'Lentes con montura negra', 'Lentes', 'negro', null, 'Estuche rígido color gris', 'claim_pending', 'Biblioteca Central, cubículos', null, '2026-06-10T10:50:00Z', '2026-06-10T21:50:00Z'),
  ('57bb06ba-86ef-52e7-adae-fa3e29a0f7ca', 'Cargador USB-C de laptop', 'Cargador', 'blanco', 'Apple', 'Cable con cinta transparente cerca del conector', 'unclaimed', 'Aula 204, escritorio docente', null, '2026-06-08T11:01:00Z', '2026-06-09T03:01:00Z'),
  ('6b5942c3-d4c6-55e2-8740-c7330e8b464b', 'Zapatillas deportivas', 'Ropa deportiva', 'blanco', 'Adidas', 'Bolsa transparente con medias dentro', 'unclaimed', 'Polideportivo, vestidores', null, '2026-06-06T12:12:00Z', '2026-06-07T09:12:00Z'),
  ('21a4be30-1922-5972-8dec-8ada90179ef7', 'Lonchera térmica', 'Lonchera', 'rojo', null, 'Tiene un sticker de gato en la tapa', 'delivered', 'Cafetería, comedor principal', '2026-06-05T15:23:00Z', '2026-06-04T13:23:00Z', '2026-06-05T15:23:00Z'),
  ('f26c174d-37c6-50ae-8f95-cde1f7f31a11', 'Celular Android', 'Celular', 'negro', 'Samsung', 'Funda azul con borde gastado', 'claimed', 'Seguridad, ingreso principal', null, '2026-06-02T14:34:00Z', '2026-06-03T21:34:00Z'),
  ('1dfe3665-c72a-5538-a1c0-65ba37eec045', 'Carnet universitario', 'Documento', 'blanco', null, 'Carnet de estudiante de ingeniería', 'delivered', 'Mesa de partes', '2026-06-02T03:45:00Z', '2026-05-31T15:45:00Z', '2026-06-02T03:45:00Z'),
  ('520a3821-f082-5b64-a666-5725388bbae6', 'Casaca jean', 'Ropa', 'azul', null, 'Bordado pequeño en la manga izquierda', 'unclaimed', 'Aula 101, perchero', null, '2026-05-29T16:56:00Z', '2026-05-31T09:56:00Z'),
  ('0ad67a17-0109-5a4b-bf8f-e31114bee2a7', 'Libro de cálculo', 'Libro', 'multicolor', 'Pearson', 'Separador amarillo en el capítulo 4', 'claim_pending', 'Biblioteca Central, sala de lectura', null, '2026-05-27T17:07:00Z', '2026-05-27T21:07:00Z'),
  ('ea57706f-1a32-538a-a8a1-d236330f91ff', 'Cartuchera de tela', 'Cartuchera', 'morado', null, 'Contiene resaltadores y regla pequeña', 'unclaimed', 'Laboratorio de química', null, '2026-05-25T09:18:00Z', '2026-05-25T18:18:00Z'),
  ('a5dc9559-389d-5a79-a5f1-35d2a9ee67c2', 'Tablet con funda gris', 'Tablet', 'gris', 'iPad', 'Funda con teclado desmontable', 'claim_pending', 'Laboratorio de redes', null, '2026-05-23T10:29:00Z', '2026-05-24T00:29:00Z'),
  ('e9b4a612-3aa7-5191-94b9-f2a76e5ca84d', 'Reloj inteligente', 'Reloj', 'negro', 'Xiaomi', 'Correa de silicona con desgaste', 'unclaimed', 'Gimnasio, recepción', null, '2026-05-21T11:40:00Z', '2026-05-22T06:40:00Z'),
  ('ad1f771f-e0e1-5d64-97d7-fa5c7fe70fc0', 'Cámara compacta', 'Cámara', 'negro', 'Canon', 'Tarjeta SD pegada con cinta al estuche', 'archived', 'Oficina de objetos perdidos', null, '2026-05-19T12:51:00Z', '2026-05-20T12:51:00Z'),
  ('4a9b5257-d9eb-5670-9afa-6f3ea8c1c913', 'Casco de bicicleta', 'Accesorio', 'rojo', 'Specialized', 'Raspón lateral derecho', 'unclaimed', 'Ingreso principal, bicicletero', null, '2026-05-17T13:02:00Z', '2026-05-18T18:02:00Z'),
  ('0f04e86e-477c-5b2c-8eab-ad0de872daa8', 'Gorra con logo', 'Ropa', 'azul', null, 'Logo bordado de club deportivo', 'delivered', 'Polideportivo, cancha techada', '2026-07-02T00:13:00Z', '2026-06-30T14:13:00Z', '2026-07-02T00:13:00Z'),
  ('343b1dd8-83ca-557e-93f4-ee09daf2578f', 'Bufanda tejida', 'Ropa', 'gris', null, 'Tejido grueso con etiqueta artesanal', 'unclaimed', 'Biblioteca Central, cubículos', null, '2026-06-28T15:24:00Z', '2026-06-30T06:24:00Z'),
  ('7ded4e5a-386e-508c-8f62-8d921603959d', 'Termo plateado', 'Botella', 'plateado', 'Thermos', 'Abolladura pequeña en la tapa', 'claim_pending', 'Administración, sala de reuniones', null, '2026-06-26T16:35:00Z', '2026-06-28T12:35:00Z'),
  ('fc46f06c-2110-593c-9f6e-d85e409bccf7', 'Memoria USB', 'Electrónico', 'negro', 'Kingston', 'Tiene cinta verde atada', 'unclaimed', 'Laboratorio de cómputo 1', null, '2026-06-24T17:46:00Z', '2026-06-25T00:46:00Z'),
  ('e90d55ce-f3be-5fee-b23d-a0d531d666d8', 'Mouse inalámbrico', 'Electrónico', 'gris', 'Logitech', 'Sin receptor USB, etiqueta con iniciales AR', 'claimed', 'Aula 204', null, '2026-06-22T09:57:00Z', '2026-06-22T21:57:00Z'),
  ('75a48a3b-16c8-5df8-ac96-ffeece2ca058', 'Bolsa de tela', 'Bolsa', 'beige', null, 'Estampado de hojas verdes', 'unclaimed', 'Cafetería, terraza', null, '2026-06-20T10:08:00Z', '2026-06-21T03:08:00Z'),
  ('ebc5b49f-5fbb-5882-a28d-0b92db3c484d', 'Folder con apuntes', 'Documento', 'amarillo', null, 'Apuntes de estadística y separadores rosados', 'claim_pending', 'Pabellón A, pasillo central', null, '2026-06-18T11:19:00Z', '2026-06-19T09:19:00Z'),
  ('170139e6-1d15-5f8a-8e32-14a7324288c1', 'Estuche de guitarra', 'Instrumento', 'negro', null, 'Etiqueta de viaje pegada al asa', 'archived', 'Depósito de objetos perdidos', null, '2026-06-16T12:30:00Z', '2026-06-17T15:30:00Z');
insert into public.claims (id, lost_item_id, claimed_by, status, evidence, reviewed_by, review_notes, created_at, updated_at) values
  ('2e9c4402-d4e7-5161-b55e-eaba8a8a846e', '94e95874-a457-57ae-b106-3133fdae0853', '8f4e684e-2067-5bfb-a8b1-b554bcb3108e', 'pending', 'El solicitante describe sticker pequeño de python junto al touchpad y confirma color negro antes de la revisión.', null, null, '2026-06-26T18:22:00Z', '2026-06-26T20:22:00Z'),
  ('65bdc59f-f901-5afd-8044-8f621746aadd', '9d766467-fd3b-527c-a149-261514caf464', '7ceb163a-0011-535a-98c9-72947f950b04', 'pending', 'El solicitante describe estuche con una marca blanca en la tapa y confirma color negro antes de la revisión.', null, null, '2026-06-24T20:33:00Z', '2026-06-24T22:33:00Z'),
  ('3a2a5ff0-1c4d-59da-8e3e-08eada663425', '65bdd20c-671b-5caa-9ad8-6a7a4f2714ac', 'b8242449-4a57-560d-af65-a6b40384fc4c', 'approved', 'El solicitante describe contiene carnet universitario sin dinero y confirma color marrón antes de la revisión.', '34ec6c33-f189-5acc-8be9-84642810bd64', 'Validado con evidencia suficiente.', '2026-06-20T23:55:00Z', '2026-06-21T13:55:00Z'),
  ('25c35517-10a7-57e9-93e4-3bbf7489d3f5', 'c8e958de-e442-574a-875e-14e55c2599fa', 'b8dcf1b5-68bd-509c-862d-567f0677ade0', 'delivered', 'El solicitante describe tres llaves y cinta amarilla de identificación y confirma color plateado antes de la revisión.', '96171b07-d4ee-5d24-aca0-10fb809c219f', 'Validado con evidencia suficiente.', '2026-06-19T01:06:00Z', '2026-06-19T15:06:00Z'),
  ('90551563-635b-5ca5-8456-f7fbc40bedee', '4459cc16-d205-581d-8280-5d3dcf21e825', '2d9f9b25-1bff-57a2-b166-00813d5a9d41', 'pending', 'El solicitante describe modelo fx-991 con tapa rayada y confirma color gris antes de la revisión.', null, null, '2026-06-15T04:28:00Z', '2026-06-15T06:28:00Z'),
  ('3f8e3bf5-e24d-5393-a402-d8962bfa8715', '4d26b9a4-dad8-5b1f-8351-5dac6fc7c35b', 'f32c2821-1e8d-587b-8bdf-43450d6ffd6a', 'rejected', 'El solicitante describe estuche rígido color gris y confirma color negro antes de la revisión.', '34ec6c33-f189-5acc-8be9-84642810bd64', 'Rechazado por diferencias en la descripción.', '2026-06-10T22:50:00Z', '2026-06-11T12:50:00Z'),
  ('0768d681-b49e-550b-9449-a5a351500b53', '21a4be30-1922-5972-8dec-8ada90179ef7', 'e6e648c2-254e-5d53-8186-fcf318f74823', 'pending', 'El solicitante describe tiene un sticker de gato en la tapa y confirma color rojo antes de la revisión.', null, null, '2026-06-05T02:23:00Z', '2026-06-05T04:23:00Z'),
  ('cadb084f-4390-5692-a432-004ac397aa16', 'f26c174d-37c6-50ae-8f95-cde1f7f31a11', '3249c000-aa18-5d68-ba20-c1ebe6246d61', 'pending', 'El solicitante describe funda azul con borde gastado y confirma color negro antes de la revisión.', null, null, '2026-06-03T04:34:00Z', '2026-06-03T06:34:00Z'),
  ('48041996-1fc2-5883-a800-0097680a7aa9', '1dfe3665-c72a-5538-a1c0-65ba37eec045', 'ceddb027-da35-5072-b338-13be73f590dd', 'approved', 'El solicitante describe carnet de estudiante de ingeniería y confirma color blanco antes de la revisión.', '34ec6c33-f189-5acc-8be9-84642810bd64', 'Validado con evidencia suficiente.', '2026-06-01T06:45:00Z', '2026-06-01T20:45:00Z'),
  ('d520ac11-b1f4-5184-8a34-d2420b709a41', '0ad67a17-0109-5a4b-bf8f-e31114bee2a7', 'b097b8d9-d456-5244-b8e4-b97eb8770072', 'delivered', 'El solicitante describe separador amarillo en el capítulo 4 y confirma color multicolor antes de la revisión.', '96171b07-d4ee-5d24-aca0-10fb809c219f', 'Validado con evidencia suficiente.', '2026-05-28T09:07:00Z', '2026-05-28T23:07:00Z'),
  ('17ffeae0-dad5-5b85-b338-bab9643f4f67', 'a5dc9559-389d-5a79-a5f1-35d2a9ee67c2', '56cf75da-f55a-56a4-a3b7-377995e906d4', 'pending', 'El solicitante describe funda con teclado desmontable y confirma color gris antes de la revisión.', null, null, '2026-05-24T03:29:00Z', '2026-05-24T05:29:00Z'),
  ('578924ee-a9a7-5d71-8a30-b18cf6b2a93e', '0f04e86e-477c-5b2c-8eab-ad0de872daa8', '8f4e684e-2067-5bfb-a8b1-b554bcb3108e', 'rejected', 'El solicitante describe logo bordado de club deportivo y confirma color azul antes de la revisión.', '34ec6c33-f189-5acc-8be9-84642810bd64', 'Rechazado por diferencias en la descripción.', '2026-07-01T08:13:00Z', '2026-07-01T22:13:00Z'),
  ('2a9bacbc-5a38-5e1a-a512-c4d4dc41e01e', '7ded4e5a-386e-508c-8f62-8d921603959d', '7ceb163a-0011-535a-98c9-72947f950b04', 'pending', 'El solicitante describe abolladura pequeña en la tapa y confirma color plateado antes de la revisión.', null, null, '2026-06-27T11:35:00Z', '2026-06-27T13:35:00Z'),
  ('d0a088bf-1fc0-5e32-bef9-ee44504f9a60', 'e90d55ce-f3be-5fee-b23d-a0d531d666d8', 'b8242449-4a57-560d-af65-a6b40384fc4c', 'pending', 'El solicitante describe sin receptor usb, etiqueta con iniciales ar y confirma color gris antes de la revisión.', null, null, '2026-06-23T05:57:00Z', '2026-06-23T07:57:00Z'),
  ('6391945c-c906-5f91-a403-f7b46a2b5120', 'ebc5b49f-5fbb-5882-a28d-0b92db3c484d', 'b8dcf1b5-68bd-509c-862d-567f0677ade0', 'approved', 'El solicitante describe apuntes de estadística y separadores rosados y confirma color amarillo antes de la revisión.', '34ec6c33-f189-5acc-8be9-84642810bd64', 'Validado con evidencia suficiente.', '2026-06-19T08:19:00Z', '2026-06-19T22:19:00Z'),
  ('d3cd7d23-d7a5-53c9-be05-6950912c34dc', 'f456a5c6-c2b3-55af-ba31-091d09a5684f', '2d9f9b25-1bff-57a2-b166-00813d5a9d41', 'delivered', 'El solicitante describe llavero rojo de goma en el cierre principal y confirma color negro antes de la revisión.', '96171b07-d4ee-5d24-aca0-10fb809c219f', 'Validado con evidencia suficiente.', '2026-06-29T08:11:00Z', '2026-06-29T22:11:00Z'),
  ('0199f77b-04e2-597c-a492-c13c39e945bb', '975f35bb-c51c-5344-a796-b8c4026b19c0', 'f32c2821-1e8d-587b-8bdf-43450d6ffd6a', 'pending', 'El solicitante describe tiene iniciales vq en la base y confirma color azul antes de la revisión.', null, null, '2026-06-23T12:44:00Z', '2026-06-23T14:44:00Z'),
  ('88117b8f-dde6-56c1-a0c0-49e633a81c2f', '9407a497-8e46-5e71-a78d-d5b2d1184bfd', 'e6e648c2-254e-5d53-8186-fcf318f74823', 'rejected', 'El solicitante describe carátula de economía con nombre parcial y confirma color verde antes de la revisión.', '34ec6c33-f189-5acc-8be9-84642810bd64', 'Rechazado por diferencias en la descripción.', '2026-06-17T16:17:00Z', '2026-06-18T06:17:00Z'),
  ('005d0f82-e244-59b4-8354-2cf27bcae09c', '57bb06ba-86ef-52e7-adae-fa3e29a0f7ca', '3249c000-aa18-5d68-ba20-c1ebe6246d61', 'pending', 'El solicitante describe cable con cinta transparente cerca del conector y confirma color blanco antes de la revisión.', null, null, '2026-06-09T12:01:00Z', '2026-06-09T14:01:00Z'),
  ('df9b5944-da7f-5ea2-ab4c-1b5c96f1cac7', '6b5942c3-d4c6-55e2-8740-c7330e8b464b', 'ceddb027-da35-5072-b338-13be73f590dd', 'pending', 'El solicitante describe bolsa transparente con medias dentro y confirma color blanco antes de la revisión.', null, null, '2026-06-07T14:12:00Z', '2026-06-07T16:12:00Z'),
  ('2e71effb-4b6f-51b2-bb30-188846b6e229', '520a3821-f082-5b64-a666-5725388bbae6', 'b097b8d9-d456-5244-b8e4-b97eb8770072', 'approved', 'El solicitante describe bordado pequeño en la manga izquierda y confirma color azul antes de la revisión.', '34ec6c33-f189-5acc-8be9-84642810bd64', 'Validado con evidencia suficiente.', '2026-05-30T19:56:00Z', '2026-05-31T09:56:00Z'),
  ('744fc547-f90f-53aa-9983-38077e0bf8dd', 'ea57706f-1a32-538a-a8a1-d236330f91ff', '56cf75da-f55a-56a4-a3b7-377995e906d4', 'delivered', 'El solicitante describe contiene resaltadores y regla pequeña y confirma color morado antes de la revisión.', '96171b07-d4ee-5d24-aca0-10fb809c219f', 'Validado con evidencia suficiente.', '2026-05-26T13:18:00Z', '2026-05-27T03:18:00Z'),
  ('86453927-ac46-5e79-8bee-10004a99d60b', 'e9b4a612-3aa7-5191-94b9-f2a76e5ca84d', '8f4e684e-2067-5bfb-a8b1-b554bcb3108e', 'pending', 'El solicitante describe correa de silicona con desgaste y confirma color negro antes de la revisión.', null, null, '2026-05-22T16:40:00Z', '2026-05-22T18:40:00Z'),
  ('9bd56616-1d63-5aa0-89b6-202729e1a2c7', 'fc46f06c-2110-593c-9f6e-d85e409bccf7', '7ceb163a-0011-535a-98c9-72947f950b04', 'rejected', 'El solicitante describe tiene cinta verde atada y confirma color negro antes de la revisión.', '34ec6c33-f189-5acc-8be9-84642810bd64', 'Rechazado por diferencias en la descripción.', '2026-06-25T23:46:00Z', '2026-06-26T13:46:00Z');
insert into public.matches (id, source_report_id, target_report_id, score, reason, status, created_at, updated_at) values
  ('f565d558-9c42-5477-a535-acc78c725cd7', '9d766467-fd3b-527c-a149-261514caf464', '94e95874-a457-57ae-b106-3133fdae0853', 0.461, 'Coincidencia por categoría, color, zona cercana y detalles descritos por el usuario.', 'suggested', '2026-06-29T12:05:00Z', '2026-06-29T14:05:00Z'),
  ('00027565-90cd-51fa-826a-31486f261660', 'a5dc9559-389d-5a79-a5f1-35d2a9ee67c2', '94e95874-a457-57ae-b106-3133fdae0853', 0.492, 'Coincidencia por categoría, color, zona cercana y detalles descritos por el usuario.', 'notified', '2026-06-28T13:10:00Z', '2026-06-28T16:10:00Z'),
  ('b9b1f7aa-f907-5273-9b2d-5db86674986b', 'ebc5b49f-5fbb-5882-a28d-0b92db3c484d', '0ad67a17-0109-5a4b-bf8f-e31114bee2a7', 0.523, 'Coincidencia por categoría, color, zona cercana y detalles descritos por el usuario.', 'confirmed', '2026-06-27T14:15:00Z', '2026-06-27T18:15:00Z'),
  ('f4aba5c1-b576-5abf-9399-3afe5a29b9b8', '4d26b9a4-dad8-5b1f-8351-5dac6fc7c35b', 'f456a5c6-c2b3-55af-ba31-091d09a5684f', 0.554, 'Coincidencia por categoría, color, zona cercana y detalles descritos por el usuario.', 'rejected', '2026-06-26T15:20:00Z', '2026-06-26T20:20:00Z'),
  ('891200ea-26ed-5558-9bc3-61850353835c', 'e90d55ce-f3be-5fee-b23d-a0d531d666d8', 'fc46f06c-2110-593c-9f6e-d85e409bccf7', 0.585, 'Coincidencia por categoría, color, zona cercana y detalles descritos por el usuario.', 'expired', '2026-06-25T16:25:00Z', '2026-06-25T22:25:00Z'),
  ('6ab22b52-e82d-5800-ab9a-b1c8f98fc8a5', '6b5942c3-d4c6-55e2-8740-c7330e8b464b', '0f04e86e-477c-5b2c-8eab-ad0de872daa8', 0.616, 'Coincidencia por categoría, color, zona cercana y detalles descritos por el usuario.', 'suggested', '2026-06-24T17:30:00Z', '2026-06-25T00:30:00Z'),
  ('2c680c89-bc68-588a-8ccc-85718cf2377d', '520a3821-f082-5b64-a666-5725388bbae6', 'ea57706f-1a32-538a-a8a1-d236330f91ff', 0.647, 'Coincidencia por categoría, color, zona cercana y detalles descritos por el usuario.', 'notified', '2026-06-23T11:35:00Z', '2026-06-23T19:35:00Z'),
  ('23089c30-995d-5a8b-9089-1bf248b0e4f8', 'e9b4a612-3aa7-5191-94b9-f2a76e5ca84d', '0f04e86e-477c-5b2c-8eab-ad0de872daa8', 0.678, 'Coincidencia por categoría, color, zona cercana y detalles descritos por el usuario.', 'confirmed', '2026-06-22T12:40:00Z', '2026-06-22T13:40:00Z'),
  ('edfaf083-7597-584e-b929-4d04ee2e6bb1', '9407a497-8e46-5e71-a78d-d5b2d1184bfd', '0ad67a17-0109-5a4b-bf8f-e31114bee2a7', 0.709, 'Coincidencia por categoría, color, zona cercana y detalles descritos por el usuario.', 'rejected', '2026-06-21T13:45:00Z', '2026-06-21T15:45:00Z'),
  ('8245189f-fc6e-542d-b2f6-01cb21ff9e8f', '343b1dd8-83ca-557e-93f4-ee09daf2578f', 'f456a5c6-c2b3-55af-ba31-091d09a5684f', 0.74, 'Coincidencia por categoría, color, zona cercana y detalles descritos por el usuario.', 'expired', '2026-06-20T14:50:00Z', '2026-06-20T17:50:00Z'),
  ('24a81a78-08b4-5477-9d32-de777fa79944', 'ad1f771f-e0e1-5d64-97d7-fa5c7fe70fc0', '94e95874-a457-57ae-b106-3133fdae0853', 0.771, 'Coincidencia por categoría, color, zona cercana y detalles descritos por el usuario.', 'suggested', '2026-06-19T15:55:00Z', '2026-06-19T19:55:00Z'),
  ('b57bcd15-f4b6-531c-b871-26d3cfad4294', '57bb06ba-86ef-52e7-adae-fa3e29a0f7ca', 'e90d55ce-f3be-5fee-b23d-a0d531d666d8', 0.802, 'Coincidencia por categoría, color, zona cercana y detalles descritos por el usuario.', 'notified', '2026-06-18T16:00:00Z', '2026-06-18T21:00:00Z'),
  ('3a64d30f-25b5-5043-b24d-49f8a494ec83', '1dfe3665-c72a-5538-a1c0-65ba37eec045', '65bdd20c-671b-5caa-9ad8-6a7a4f2714ac', 0.833, 'Coincidencia por categoría, color, zona cercana y detalles descritos por el usuario.', 'confirmed', '2026-06-17T17:05:00Z', '2026-06-17T23:05:00Z'),
  ('0723e442-982e-5be8-8fae-1d9c8055cd34', 'c8e958de-e442-574a-875e-14e55c2599fa', 'f456a5c6-c2b3-55af-ba31-091d09a5684f', 0.864, 'Coincidencia por categoría, color, zona cercana y detalles descritos por el usuario.', 'rejected', '2026-06-16T11:10:00Z', '2026-06-16T18:10:00Z'),
  ('cdfb23b7-4c37-5d74-93c3-c2eb982da2ea', '7ded4e5a-386e-508c-8f62-8d921603959d', '975f35bb-c51c-5344-a796-b8c4026b19c0', 0.895, 'Coincidencia por categoría, color, zona cercana y detalles descritos por el usuario.', 'expired', '2026-06-15T12:15:00Z', '2026-06-15T20:15:00Z'),
  ('c8f36a6c-2d7d-50cb-86eb-51a67b34e29b', '21a4be30-1922-5972-8dec-8ada90179ef7', '75a48a3b-16c8-5df8-ac96-ffeece2ca058', 0.43, 'Coincidencia por categoría, color, zona cercana y detalles descritos por el usuario.', 'suggested', '2026-06-14T13:20:00Z', '2026-06-14T14:20:00Z'),
  ('d0890d1a-ed40-5ac7-9a97-9a7c6d8d08d4', '4459cc16-d205-581d-8280-5d3dcf21e825', '9407a497-8e46-5e71-a78d-d5b2d1184bfd', 0.461, 'Coincidencia por categoría, color, zona cercana y detalles descritos por el usuario.', 'notified', '2026-06-13T14:25:00Z', '2026-06-13T16:25:00Z'),
  ('310efd66-6098-591a-8327-117a49198ab3', 'f26c174d-37c6-50ae-8f95-cde1f7f31a11', 'fc46f06c-2110-593c-9f6e-d85e409bccf7', 0.492, 'Coincidencia por categoría, color, zona cercana y detalles descritos por el usuario.', 'confirmed', '2026-06-12T15:30:00Z', '2026-06-12T18:30:00Z'),
  ('473fddfb-26f7-5402-bdd0-54e0444dc2f3', '170139e6-1d15-5f8a-8e32-14a7324288c1', 'e9b4a612-3aa7-5191-94b9-f2a76e5ca84d', 0.523, 'Coincidencia por categoría, color, zona cercana y detalles descritos por el usuario.', 'rejected', '2026-06-11T16:35:00Z', '2026-06-11T20:35:00Z'),
  ('8574030b-3535-5726-b87b-a0df93664b78', '4a9b5257-d9eb-5670-9afa-6f3ea8c1c913', '6b5942c3-d4c6-55e2-8740-c7330e8b464b', 0.554, 'Coincidencia por categoría, color, zona cercana y detalles descritos por el usuario.', 'expired', '2026-06-30T17:40:00Z', '2026-06-30T22:40:00Z'),
  ('862e2058-f874-5470-9b53-2dbd5f57aa46', '65bdd20c-671b-5caa-9ad8-6a7a4f2714ac', '1dfe3665-c72a-5538-a1c0-65ba37eec045', 0.585, 'Coincidencia por categoría, color, zona cercana y detalles descritos por el usuario.', 'suggested', '2026-06-29T11:45:00Z', '2026-06-29T17:45:00Z'),
  ('4f26088b-52b2-59d6-8637-e9f94717d1fe', 'ea57706f-1a32-538a-a8a1-d236330f91ff', 'ebc5b49f-5fbb-5882-a28d-0b92db3c484d', 0.616, 'Coincidencia por categoría, color, zona cercana y detalles descritos por el usuario.', 'notified', '2026-06-28T12:50:00Z', '2026-06-28T19:50:00Z');
update public.matching_jobs set status = 'pending', attempts = 0, locked_at = null, processed_at = null, last_error = null, updated_at = '2026-06-28T18:11:00Z' where report_id = 'f456a5c6-c2b3-55af-ba31-091d09a5684f';
update public.matching_jobs set status = 'processed', attempts = 1, locked_at = null, processed_at = '2026-06-27T00:22:00Z', last_error = null, updated_at = '2026-06-27T00:22:00Z' where report_id = '94e95874-a457-57ae-b106-3133fdae0853';
update public.matching_jobs set status = 'failed', attempts = 1, locked_at = null, processed_at = null, last_error = 'La imagen no tuvo suficiente nitidez, se reintentará.', updated_at = '2026-06-25T06:33:00Z' where report_id = '9d766467-fd3b-527c-a149-261514caf464';
update public.matching_jobs set status = 'pending', attempts = 0, locked_at = null, processed_at = null, last_error = null, updated_at = '2026-06-23T12:44:00Z' where report_id = '975f35bb-c51c-5344-a796-b8c4026b19c0';
update public.matching_jobs set status = 'processed', attempts = 1, locked_at = null, processed_at = '2026-06-21T18:55:00Z', last_error = null, updated_at = '2026-06-21T18:55:00Z' where report_id = '65bdd20c-671b-5caa-9ad8-6a7a4f2714ac';
update public.matching_jobs set status = 'processing', attempts = 0, locked_at = '2026-07-01T17:45:00Z', processed_at = null, last_error = null, updated_at = '2026-06-20T00:06:00Z' where report_id = 'c8e958de-e442-574a-875e-14e55c2599fa';
update public.matching_jobs set status = 'pending', attempts = 0, locked_at = null, processed_at = null, last_error = null, updated_at = '2026-06-18T06:17:00Z' where report_id = '9407a497-8e46-5e71-a78d-d5b2d1184bfd';
update public.matching_jobs set status = 'processed', attempts = 1, locked_at = null, processed_at = '2026-06-16T12:28:00Z', last_error = null, updated_at = '2026-06-16T12:28:00Z' where report_id = '4459cc16-d205-581d-8280-5d3dcf21e825';
update public.matching_jobs set status = 'failed', attempts = 1, locked_at = null, processed_at = null, last_error = 'La imagen no tuvo suficiente nitidez, se reintentará.', updated_at = '2026-06-12T15:39:00Z' where report_id = 'd0b3dc11-4b20-54ff-8640-1f7a25b145b4';
update public.matching_jobs set status = 'pending', attempts = 0, locked_at = null, processed_at = null, last_error = null, updated_at = '2026-06-10T21:50:00Z' where report_id = '4d26b9a4-dad8-5b1f-8351-5dac6fc7c35b';
update public.matching_jobs set status = 'pending', attempts = 0, locked_at = null, processed_at = null, last_error = null, updated_at = '2026-06-09T03:01:00Z' where report_id = '57bb06ba-86ef-52e7-adae-fa3e29a0f7ca';
update public.matching_jobs set status = 'processed', attempts = 1, locked_at = null, processed_at = '2026-06-07T09:12:00Z', last_error = null, updated_at = '2026-06-07T09:12:00Z' where report_id = '6b5942c3-d4c6-55e2-8740-c7330e8b464b';
update public.matching_jobs set status = 'failed', attempts = 1, locked_at = null, processed_at = null, last_error = 'La imagen no tuvo suficiente nitidez, se reintentará.', updated_at = '2026-06-05T15:23:00Z' where report_id = '21a4be30-1922-5972-8dec-8ada90179ef7';
update public.matching_jobs set status = 'pending', attempts = 0, locked_at = null, processed_at = null, last_error = null, updated_at = '2026-06-03T21:34:00Z' where report_id = 'f26c174d-37c6-50ae-8f95-cde1f7f31a11';
update public.matching_jobs set status = 'processed', attempts = 1, locked_at = null, processed_at = '2026-06-02T03:45:00Z', last_error = null, updated_at = '2026-06-02T03:45:00Z' where report_id = '1dfe3665-c72a-5538-a1c0-65ba37eec045';
update public.matching_jobs set status = 'processing', attempts = 0, locked_at = '2026-07-01T17:45:00Z', processed_at = null, last_error = null, updated_at = '2026-05-31T09:56:00Z' where report_id = '520a3821-f082-5b64-a666-5725388bbae6';
update public.matching_jobs set status = 'pending', attempts = 0, locked_at = null, processed_at = null, last_error = null, updated_at = '2026-05-27T21:07:00Z' where report_id = '0ad67a17-0109-5a4b-bf8f-e31114bee2a7';
update public.matching_jobs set status = 'processed', attempts = 1, locked_at = null, processed_at = '2026-05-25T18:18:00Z', last_error = null, updated_at = '2026-05-25T18:18:00Z' where report_id = 'ea57706f-1a32-538a-a8a1-d236330f91ff';
update public.matching_jobs set status = 'failed', attempts = 1, locked_at = null, processed_at = null, last_error = 'La imagen no tuvo suficiente nitidez, se reintentará.', updated_at = '2026-05-24T00:29:00Z' where report_id = 'a5dc9559-389d-5a79-a5f1-35d2a9ee67c2';
update public.matching_jobs set status = 'pending', attempts = 0, locked_at = null, processed_at = null, last_error = null, updated_at = '2026-05-22T06:40:00Z' where report_id = 'e9b4a612-3aa7-5191-94b9-f2a76e5ca84d';
update public.matching_jobs set status = 'pending', attempts = 0, locked_at = null, processed_at = null, last_error = null, updated_at = '2026-05-20T12:51:00Z' where report_id = 'ad1f771f-e0e1-5d64-97d7-fa5c7fe70fc0';
update public.matching_jobs set status = 'processed', attempts = 1, locked_at = null, processed_at = '2026-05-18T18:02:00Z', last_error = null, updated_at = '2026-05-18T18:02:00Z' where report_id = '4a9b5257-d9eb-5670-9afa-6f3ea8c1c913';
update public.matching_jobs set status = 'failed', attempts = 1, locked_at = null, processed_at = null, last_error = 'La imagen no tuvo suficiente nitidez, se reintentará.', updated_at = '2026-07-02T00:13:00Z' where report_id = '0f04e86e-477c-5b2c-8eab-ad0de872daa8';
update public.matching_jobs set status = 'pending', attempts = 0, locked_at = null, processed_at = null, last_error = null, updated_at = '2026-06-30T06:24:00Z' where report_id = '343b1dd8-83ca-557e-93f4-ee09daf2578f';
update public.matching_jobs set status = 'processed', attempts = 1, locked_at = null, processed_at = '2026-06-28T12:35:00Z', last_error = null, updated_at = '2026-06-28T12:35:00Z' where report_id = '7ded4e5a-386e-508c-8f62-8d921603959d';
update public.matching_jobs set status = 'processing', attempts = 0, locked_at = '2026-07-01T17:45:00Z', processed_at = null, last_error = null, updated_at = '2026-06-25T00:46:00Z' where report_id = 'fc46f06c-2110-593c-9f6e-d85e409bccf7';
update public.matching_jobs set status = 'pending', attempts = 0, locked_at = null, processed_at = null, last_error = null, updated_at = '2026-06-22T21:57:00Z' where report_id = 'e90d55ce-f3be-5fee-b23d-a0d531d666d8';
update public.matching_jobs set status = 'processed', attempts = 1, locked_at = null, processed_at = '2026-06-21T03:08:00Z', last_error = null, updated_at = '2026-06-21T03:08:00Z' where report_id = '75a48a3b-16c8-5df8-ac96-ffeece2ca058';
update public.matching_jobs set status = 'failed', attempts = 1, locked_at = null, processed_at = null, last_error = 'La imagen no tuvo suficiente nitidez, se reintentará.', updated_at = '2026-06-19T09:19:00Z' where report_id = 'ebc5b49f-5fbb-5882-a28d-0b92db3c484d';
update public.matching_jobs set status = 'pending', attempts = 0, locked_at = null, processed_at = null, last_error = null, updated_at = '2026-06-17T15:30:00Z' where report_id = '170139e6-1d15-5f8a-8e32-14a7324288c1';
insert into public.report_events (id, report_id, actor_id, event_type, metadata, created_at) values
  ('cbdbf741-6de6-53fb-aede-718d0074d469', '900ad972-f1ee-54e8-8876-b5195643dc3a', '5b48465a-080f-568a-88f2-29086ca3bdb1', 'created', '{"channel": "mobile", "title": "Fuga debajo del lavamanos del baño de varones"}'::jsonb, '2026-06-28T09:07:00Z'),
  ('72ba7cc3-6ad0-5479-8012-5626cfacfedc', '900ad972-f1ee-54e8-8876-b5195643dc3a', '96171b07-d4ee-5d24-aca0-10fb809c219f', 'ai_classified', '{"confidence": 0.71, "type": "maintenance"}'::jsonb, '2026-06-28T09:24:00Z'),
  ('b9e07764-13c9-53d5-8268-13be9a3bfb72', '900ad972-f1ee-54e8-8876-b5195643dc3a', '1738bb97-9556-5b31-9eae-c611595486f3', 'status_changed', '{"status": "in_progress"}'::jsonb, '2026-06-28T13:42:00Z'),
  ('f19e2bf7-7e58-5218-95e1-df5c0b33f46d', 'eb261ff3-2ee5-5e4a-bd87-3a6f66efb264', 'b8242449-4a57-560d-af65-a6b40384fc4c', 'created', '{"channel": "mobile", "title": "Luminaria parpadea en pasillo de biblioteca"}'::jsonb, '2026-06-25T10:14:00Z'),
  ('319c085b-3a50-5042-842c-c6f63b491f1a', 'eb261ff3-2ee5-5e4a-bd87-3a6f66efb264', '1738bb97-9556-5b31-9eae-c611595486f3', 'ai_classified', '{"confidence": 0.72, "type": "maintenance"}'::jsonb, '2026-06-25T10:31:00Z'),
  ('b0f6fe7b-c520-5d1f-b6e8-bd85ee27fefe', 'eb261ff3-2ee5-5e4a-bd87-3a6f66efb264', '34ec6c33-f189-5acc-8be9-84642810bd64', 'status_changed', '{"status": "assigned"}'::jsonb, '2026-06-25T15:49:00Z'),
  ('e2a68adc-87b1-5c42-a4b1-c131eeff65b3', '3067a2ea-45d0-52d9-b716-eef384898411', '44dc9c94-9e13-583e-be26-65699929fc5d', 'created', '{"channel": "mobile", "title": "Aire acondicionado no enfría en laboratorio de redes"}'::jsonb, '2026-06-22T11:21:00Z'),
  ('305cc695-f060-50b8-aa0a-cb3d19b83a8e', '3067a2ea-45d0-52d9-b716-eef384898411', '34ec6c33-f189-5acc-8be9-84642810bd64', 'ai_classified', '{"confidence": 0.73, "type": "maintenance"}'::jsonb, '2026-06-22T11:38:00Z'),
  ('8dd06440-faa8-53ef-975a-349be2cd09fd', '3067a2ea-45d0-52d9-b716-eef384898411', '96171b07-d4ee-5d24-aca0-10fb809c219f', 'status_changed', '{"status": "assigned"}'::jsonb, '2026-06-22T17:56:00Z'),
  ('0af241f9-8cab-52a8-81ed-19286b13c1e0', 'fb5015e1-95cd-51f8-a0bb-d2542138482e', 'f32c2821-1e8d-587b-8bdf-43450d6ffd6a', 'created', '{"channel": "mobile", "title": "Baldosa levantada cerca al ingreso"}'::jsonb, '2026-06-19T12:28:00Z'),
  ('06bdce57-638f-5e94-b8c2-9fa8dfdd2a13', 'fb5015e1-95cd-51f8-a0bb-d2542138482e', '96171b07-d4ee-5d24-aca0-10fb809c219f', 'ai_classified', '{"confidence": 0.74, "type": "maintenance"}'::jsonb, '2026-06-19T12:45:00Z'),
  ('ea15b74c-e99d-50e0-821a-00b67ea724a4', 'df9d2156-e7ec-5a66-94fe-44badd820ac3', '03a16c96-b6f2-51cf-a899-8560feb029e6', 'created', '{"channel": "mobile", "title": "Tacho rebalsado en comedor principal"}'::jsonb, '2026-06-16T13:35:00Z'),
  ('5bb827be-a323-54ad-8c51-69e511700517', 'df9d2156-e7ec-5a66-94fe-44badd820ac3', '1738bb97-9556-5b31-9eae-c611595486f3', 'ai_classified', '{"confidence": 0.75, "type": "maintenance"}'::jsonb, '2026-06-16T13:52:00Z'),
  ('3e66c08c-1d17-54ae-8491-7e972aaddf46', 'df9d2156-e7ec-5a66-94fe-44badd820ac3', '34ec6c33-f189-5acc-8be9-84642810bd64', 'status_changed', '{"status": "resolved"}'::jsonb, '2026-06-16T22:10:00Z'),
  ('54708194-bb9b-58a8-9be0-7c259db388e0', '0340aadc-7177-5ea6-8fcc-5314d8fcad13', 'ceddb027-da35-5072-b338-13be73f590dd', 'created', '{"channel": "mobile", "title": "Cámara de seguridad sin señal en terraza"}'::jsonb, '2026-06-13T14:42:00Z'),
  ('feb32b5d-2eb1-57bd-a024-7c6b379a4a23', '0340aadc-7177-5ea6-8fcc-5314d8fcad13', '34ec6c33-f189-5acc-8be9-84642810bd64', 'ai_classified', '{"confidence": 0.76, "type": "maintenance"}'::jsonb, '2026-06-13T14:59:00Z'),
  ('4c484141-b533-50bd-a120-bd1afb6a0653', '0340aadc-7177-5ea6-8fcc-5314d8fcad13', '96171b07-d4ee-5d24-aca0-10fb809c219f', 'status_changed', '{"status": "in_progress"}'::jsonb, '2026-06-14T00:17:00Z'),
  ('c01df264-0cfa-557c-8139-c7474114ba0a', '7b1b0815-55f2-54a3-bdd9-5094a9146836', '87995fef-e5e3-5aaf-ba05-0ea0d20bc733', 'created', '{"channel": "mobile", "title": "Cable expuesto junto a proyector"}'::jsonb, '2026-06-10T15:49:00Z'),
  ('13addbcb-eaab-5ae5-bde0-d9c5b3e27c03', '7b1b0815-55f2-54a3-bdd9-5094a9146836', '96171b07-d4ee-5d24-aca0-10fb809c219f', 'ai_classified', '{"confidence": 0.77, "type": "maintenance"}'::jsonb, '2026-06-10T16:06:00Z'),
  ('a56f7f22-76da-5cce-aaac-303cb664bb04', '7b1b0815-55f2-54a3-bdd9-5094a9146836', '1738bb97-9556-5b31-9eae-c611595486f3', 'status_changed', '{"status": "assigned"}'::jsonb, '2026-06-11T02:24:00Z'),
  ('b4bdedc5-f8ac-5130-bd48-74b20fe85731', '2f6e7135-ceba-5b9a-aa8b-802135efedd7', '8f4e684e-2067-5bfb-a8b1-b554bcb3108e', 'created', '{"channel": "mobile", "title": "Puerta de aula no cierra correctamente"}'::jsonb, '2026-06-07T08:56:00Z'),
  ('45d924fd-7421-5051-b24b-5bb679062564', '2f6e7135-ceba-5b9a-aa8b-802135efedd7', '1738bb97-9556-5b31-9eae-c611595486f3', 'ai_classified', '{"confidence": 0.78, "type": "maintenance"}'::jsonb, '2026-06-07T09:13:00Z'),
  ('e5f1721d-d2e6-54a8-975e-13e0f3fab997', '132cbc58-0f20-5dca-b18e-4932635bcdc1', 'e5b437e2-56b8-5962-beb9-80d559a8b607', 'created', '{"channel": "mobile", "title": "Filtro de bebedero con fuga"}'::jsonb, '2026-06-04T09:03:00Z'),
  ('659092c3-3169-5158-bf55-3856311ba975', '132cbc58-0f20-5dca-b18e-4932635bcdc1', '34ec6c33-f189-5acc-8be9-84642810bd64', 'ai_classified', '{"confidence": 0.79, "type": "maintenance"}'::jsonb, '2026-06-04T09:20:00Z'),
  ('3d648640-9175-53bf-81ea-83457feab0b3', '132cbc58-0f20-5dca-b18e-4932635bcdc1', '96171b07-d4ee-5d24-aca0-10fb809c219f', 'status_changed', '{"status": "assigned"}'::jsonb, '2026-06-04T21:38:00Z'),
  ('25648ae5-1100-545f-b2af-991841570e11', 'fc2249c8-7206-5c2c-9021-c60eb786fc5d', 'b8dcf1b5-68bd-509c-862d-567f0677ade0', 'created', '{"channel": "mobile", "title": "Baño sin papel y dispensador roto"}'::jsonb, '2026-06-01T10:10:00Z'),
  ('100d03f0-1c60-5fd1-90d6-11ed58d2b9bc', 'fc2249c8-7206-5c2c-9021-c60eb786fc5d', '96171b07-d4ee-5d24-aca0-10fb809c219f', 'ai_classified', '{"confidence": 0.8, "type": "maintenance"}'::jsonb, '2026-06-01T10:27:00Z'),
  ('0d9fe595-5513-5614-a800-f2dccc966f18', 'fc2249c8-7206-5c2c-9021-c60eb786fc5d', '1738bb97-9556-5b31-9eae-c611595486f3', 'status_changed', '{"status": "resolved"}'::jsonb, '2026-06-01T23:45:00Z'),
  ('7dda141b-49b8-5813-b5a6-86cf204be6a7', 'e1c48698-d07f-5f60-aa69-3c93329fd95e', 'e291afad-2985-512e-94ba-02455458d411', 'created', '{"channel": "mobile", "title": "Ventilador hace ruido fuerte"}'::jsonb, '2026-05-29T11:17:00Z'),
  ('7f696602-bbe5-5e0d-8fa6-af58bd5b09b7', 'e1c48698-d07f-5f60-aa69-3c93329fd95e', '1738bb97-9556-5b31-9eae-c611595486f3', 'ai_classified', '{"confidence": 0.81, "type": "maintenance"}'::jsonb, '2026-05-29T11:34:00Z'),
  ('f9878e51-5710-59a5-bbac-4d5864cce042', 'e1c48698-d07f-5f60-aa69-3c93329fd95e', '34ec6c33-f189-5acc-8be9-84642810bd64', 'status_changed', '{"status": "in_progress"}'::jsonb, '2026-05-30T01:52:00Z'),
  ('827dff46-eab1-5893-81e4-a79f915d9934', '993c1768-8d84-52f0-8103-1bbdd7d04eab', 'e6e648c2-254e-5d53-8186-fcf318f74823', 'created', '{"channel": "mobile", "title": "Baranda floja en escalera"}'::jsonb, '2026-05-26T12:24:00Z'),
  ('39b1c96e-c2e8-5536-a96b-eefaf7618d4f', '993c1768-8d84-52f0-8103-1bbdd7d04eab', '34ec6c33-f189-5acc-8be9-84642810bd64', 'ai_classified', '{"confidence": 0.82, "type": "maintenance"}'::jsonb, '2026-05-26T12:41:00Z'),
  ('2dd38a2b-7a56-5133-831a-1d8860b1dfd4', '993c1768-8d84-52f0-8103-1bbdd7d04eab', '96171b07-d4ee-5d24-aca0-10fb809c219f', 'status_changed', '{"status": "in_progress"}'::jsonb, '2026-05-27T03:59:00Z'),
  ('390a8470-3695-58f8-8d8d-fb042dee8b07', 'a191df04-a037-58e3-9aeb-4b339bbcd887', '41d69b8a-0a43-5e43-8ebd-98ba68f9e5f8', 'created', '{"channel": "mobile", "title": "Interruptor quemado en sala de reuniones"}'::jsonb, '2026-06-30T13:31:00Z'),
  ('7121419d-3c06-5421-ac2c-e5f8fd5e51e6', 'a191df04-a037-58e3-9aeb-4b339bbcd887', '96171b07-d4ee-5d24-aca0-10fb809c219f', 'ai_classified', '{"confidence": 0.83, "type": "maintenance"}'::jsonb, '2026-06-30T13:48:00Z'),
  ('3a110c75-f29f-58c3-b036-f2a314fc0e6e', 'a191df04-a037-58e3-9aeb-4b339bbcd887', '1738bb97-9556-5b31-9eae-c611595486f3', 'status_changed', '{"status": "new"}'::jsonb, '2026-07-01T06:06:00Z'),
  ('b3c87ad4-56a3-569d-9b7f-4ff7325caacd', '791069a4-9a4a-530c-9e71-d72492de95e4', 'b097b8d9-d456-5244-b8e4-b97eb8770072', 'created', '{"channel": "mobile", "title": "Limpieza pendiente después de actividad"}'::jsonb, '2026-06-27T14:38:00Z'),
  ('e65063f2-98f7-57c8-b307-734ee5801403', '791069a4-9a4a-530c-9e71-d72492de95e4', '1738bb97-9556-5b31-9eae-c611595486f3', 'ai_classified', '{"confidence": 0.84, "type": "maintenance"}'::jsonb, '2026-06-27T14:55:00Z'),
  ('f83256de-7e7b-5ad1-90a2-91e73f3e9713', '791069a4-9a4a-530c-9e71-d72492de95e4', '34ec6c33-f189-5acc-8be9-84642810bd64', 'status_changed', '{"status": "closed"}'::jsonb, '2026-06-28T08:13:00Z'),
  ('156b40d2-bded-5a4b-843b-8046453b1a9a', 'da72ed4d-a50d-523e-b590-ed3190775dcf', '04a29933-50f1-54c3-8543-b1c1ccec019f', 'created', '{"channel": "mobile", "title": "Sensor de humo emite alerta intermitente"}'::jsonb, '2026-06-24T15:45:00Z'),
  ('d66c2244-c1f3-5254-b5a1-3d0a12d067e2', 'da72ed4d-a50d-523e-b590-ed3190775dcf', '34ec6c33-f189-5acc-8be9-84642810bd64', 'ai_classified', '{"confidence": 0.85, "type": "maintenance"}'::jsonb, '2026-06-24T16:02:00Z'),
  ('16710b27-6b16-5e1b-ae09-75bebeba0ead', 'da72ed4d-a50d-523e-b590-ed3190775dcf', '96171b07-d4ee-5d24-aca0-10fb809c219f', 'status_changed', '{"status": "assigned"}'::jsonb, '2026-06-25T10:20:00Z'),
  ('3785dcf1-2c0c-5b51-b55e-8d8da97042b1', '79be2837-39cb-56a9-9306-cc2c1817204e', '7ceb163a-0011-535a-98c9-72947f950b04', 'created', '{"channel": "mobile", "title": "Mancha de humedad en techo"}'::jsonb, '2026-06-21T08:52:00Z'),
  ('e672ee31-5512-5230-b288-4b0d08cabcb6', '79be2837-39cb-56a9-9306-cc2c1817204e', '96171b07-d4ee-5d24-aca0-10fb809c219f', 'ai_classified', '{"confidence": 0.86, "type": "maintenance"}'::jsonb, '2026-06-21T09:09:00Z'),
  ('8babfe3d-9072-5358-9282-dbb519de22df', '9c20e3fe-946c-5f7f-85fe-0662e87c30ba', 'b4dab77f-2a2c-53df-a1ef-c9c6fcdf5c7a', 'created', '{"channel": "mobile", "title": "Tomacorriente sin tapa"}'::jsonb, '2026-06-18T09:59:00Z'),
  ('b4485569-1b00-5a61-bf2c-0ceaace07b5f', '9c20e3fe-946c-5f7f-85fe-0662e87c30ba', '1738bb97-9556-5b31-9eae-c611595486f3', 'ai_classified', '{"confidence": 0.87, "type": "maintenance"}'::jsonb, '2026-06-18T10:16:00Z'),
  ('970cfe87-b0b6-5b48-bc70-f1b0f36b5134', '9c20e3fe-946c-5f7f-85fe-0662e87c30ba', '34ec6c33-f189-5acc-8be9-84642810bd64', 'status_changed', '{"status": "assigned"}'::jsonb, '2026-06-18T14:34:00Z'),
  ('bd02fa4d-e79f-5eb8-8d0d-7fd1107c3266', '6442d5e8-9a39-5652-85dc-b61621118ee1', '2d9f9b25-1bff-57a2-b166-00813d5a9d41', 'created', '{"channel": "mobile", "title": "Lavadora de residencia no drena"}'::jsonb, '2026-06-15T10:06:00Z'),
  ('43db0314-503d-557c-976f-1e24bb3dd279', '6442d5e8-9a39-5652-85dc-b61621118ee1', '34ec6c33-f189-5acc-8be9-84642810bd64', 'ai_classified', '{"confidence": 0.88, "type": "maintenance"}'::jsonb, '2026-06-15T10:23:00Z'),
  ('8da40efa-1996-5ac4-9aba-6b3f3f25ba75', '6442d5e8-9a39-5652-85dc-b61621118ee1', '96171b07-d4ee-5d24-aca0-10fb809c219f', 'status_changed', '{"status": "assigned"}'::jsonb, '2026-06-15T15:41:00Z'),
  ('ce4750c7-c739-5a11-a3e0-c31a748ca5a1', 'cff2cc09-d700-55ee-9ab2-57ba63a7aff9', '04dd5adc-0b73-58a2-b8aa-6a5f93db0b15', 'created', '{"channel": "mobile", "title": "Aula con olor a humedad"}'::jsonb, '2026-06-12T11:13:00Z'),
  ('e660b8b1-4eeb-5088-909f-6b5b30994515', 'cff2cc09-d700-55ee-9ab2-57ba63a7aff9', '96171b07-d4ee-5d24-aca0-10fb809c219f', 'ai_classified', '{"confidence": 0.89, "type": "maintenance"}'::jsonb, '2026-06-12T11:30:00Z'),
  ('955af66f-6c76-5da7-9bd5-ad5f7d37d006', 'e0a9a009-d681-55b2-aae2-9a8b011c04eb', '3249c000-aa18-5d68-ba20-c1ebe6246d61', 'created', '{"channel": "mobile", "title": "Control de acceso no reconoce tarjetas"}'::jsonb, '2026-06-09T12:20:00Z'),
  ('132c1a5d-2d58-5ce3-9497-eed4a0273f66', 'e0a9a009-d681-55b2-aae2-9a8b011c04eb', '1738bb97-9556-5b31-9eae-c611595486f3', 'ai_classified', '{"confidence": 0.9, "type": "maintenance"}'::jsonb, '2026-06-09T12:37:00Z'),
  ('9ec2f508-f09b-55fc-a059-c0c8957a9e0d', 'e0a9a009-d681-55b2-aae2-9a8b011c04eb', '34ec6c33-f189-5acc-8be9-84642810bd64', 'status_changed', '{"status": "in_progress"}'::jsonb, '2026-06-09T19:55:00Z'),
  ('c62433b2-460a-5c5e-8cf6-a3268865741f', '31d22d8b-23c4-505f-85cf-2a4d64e5c893', '3cd56141-7ece-5079-8a9c-5bf5dc8fb739', 'created', '{"channel": "mobile", "title": "Goteras en cancha techada"}'::jsonb, '2026-06-06T13:27:00Z'),
  ('7309fe1e-3afe-518a-91c2-baa73c02d639', '31d22d8b-23c4-505f-85cf-2a4d64e5c893', '34ec6c33-f189-5acc-8be9-84642810bd64', 'ai_classified', '{"confidence": 0.91, "type": "maintenance"}'::jsonb, '2026-06-06T13:44:00Z'),
  ('8cdb196d-c3ec-59e1-8781-e956572d5a79', '31d22d8b-23c4-505f-85cf-2a4d64e5c893', '96171b07-d4ee-5d24-aca0-10fb809c219f', 'status_changed', '{"status": "in_progress"}'::jsonb, '2026-06-06T22:02:00Z'),
  ('f2bab0c6-89f9-5328-9d64-bf886be84e97', '7403bdc4-4558-5e57-9353-b9140867f4d1', '56cf75da-f55a-56a4-a3b7-377995e906d4', 'created', '{"channel": "mobile", "title": "Extractor de cocina no enciende"}'::jsonb, '2026-06-03T14:34:00Z'),
  ('50f1aa8e-8081-5951-9c71-2feb569e6477', '7403bdc4-4558-5e57-9353-b9140867f4d1', '96171b07-d4ee-5d24-aca0-10fb809c219f', 'ai_classified', '{"confidence": 0.92, "type": "maintenance"}'::jsonb, '2026-06-03T14:51:00Z'),
  ('15f5db77-b46b-59b1-9686-9b13e3308682', '7403bdc4-4558-5e57-9353-b9140867f4d1', '1738bb97-9556-5b31-9eae-c611595486f3', 'status_changed', '{"status": "assigned"}'::jsonb, '2026-06-04T00:09:00Z'),
  ('09d20f11-a542-57d0-98f3-aba2bd604bd3', '37baca6d-63d3-5984-aaa3-2589327804c3', '5b48465a-080f-568a-88f2-29086ca3bdb1', 'created', '{"channel": "mobile", "title": "Pizarra acrílica desprendida"}'::jsonb, '2026-05-31T15:41:00Z'),
  ('53a1375e-f1e5-57e5-81ff-2af07e738e0b', '37baca6d-63d3-5984-aaa3-2589327804c3', '1738bb97-9556-5b31-9eae-c611595486f3', 'ai_classified', '{"confidence": 0.93, "type": "maintenance"}'::jsonb, '2026-05-31T15:58:00Z'),
  ('11d25b6e-314a-5c5c-8a93-8c4c8f2fbe06', '37baca6d-63d3-5984-aaa3-2589327804c3', '34ec6c33-f189-5acc-8be9-84642810bd64', 'status_changed', '{"status": "resolved"}'::jsonb, '2026-06-01T02:16:00Z'),
  ('e85b3da3-7c94-5d60-9b67-fcf5e52d82c0', '821a120d-fb65-516a-800a-024723e9a200', 'b8242449-4a57-560d-af65-a6b40384fc4c', 'created', '{"channel": "mobile", "title": "Grifo de lavadero con presión baja"}'::jsonb, '2026-05-28T08:48:00Z'),
  ('5d6f5743-ba6c-5dc9-a559-5873956974ed', '821a120d-fb65-516a-800a-024723e9a200', '34ec6c33-f189-5acc-8be9-84642810bd64', 'ai_classified', '{"confidence": 0.7, "type": "maintenance"}'::jsonb, '2026-05-28T09:05:00Z'),
  ('0ce4cf04-685f-5b7d-a471-8c9fef7017ea', '59a0797a-1c4a-5425-acf7-2afc86ef4de0', '44dc9c94-9e13-583e-be26-65699929fc5d', 'created', '{"channel": "mobile", "title": "Foco apagado en vestidores"}'::jsonb, '2026-05-25T09:55:00Z'),
  ('941ba8e3-b1b4-548d-89cf-f1441d5fd466', '59a0797a-1c4a-5425-acf7-2afc86ef4de0', '96171b07-d4ee-5d24-aca0-10fb809c219f', 'ai_classified', '{"confidence": 0.71, "type": "maintenance"}'::jsonb, '2026-05-25T10:12:00Z'),
  ('08a56939-058c-5e69-8e86-f15d033a711d', '59a0797a-1c4a-5425-acf7-2afc86ef4de0', '1738bb97-9556-5b31-9eae-c611595486f3', 'status_changed', '{"status": "assigned"}'::jsonb, '2026-05-25T22:30:00Z'),
  ('24d3f97e-10ee-583b-9a38-0a1c9d76e05d', '873419c8-5d5a-5b53-90c1-481a5f5513b2', 'f32c2821-1e8d-587b-8bdf-43450d6ffd6a', 'created', '{"channel": "mobile", "title": "Mesa coja en cubículo grupal"}'::jsonb, '2026-06-29T10:02:00Z'),
  ('d10e59b8-0572-5869-9bb7-cb30137d6834', '873419c8-5d5a-5b53-90c1-481a5f5513b2', '1738bb97-9556-5b31-9eae-c611595486f3', 'ai_classified', '{"confidence": 0.72, "type": "maintenance"}'::jsonb, '2026-06-29T10:19:00Z'),
  ('f7a6c66b-6aa9-5e65-ade6-060405b512b4', '873419c8-5d5a-5b53-90c1-481a5f5513b2', '34ec6c33-f189-5acc-8be9-84642810bd64', 'status_changed', '{"status": "resolved"}'::jsonb, '2026-06-29T23:37:00Z'),
  ('a92c8375-179f-5d19-b246-6db7d87f35f6', '48c8038d-f690-59ff-b833-5daa5e19c5d3', '03a16c96-b6f2-51cf-a899-8560feb029e6', 'created', '{"channel": "mobile", "title": "Acumulación de polvo en archivo"}'::jsonb, '2026-06-26T11:09:00Z'),
  ('c5167266-104c-5a75-9356-fe08137401d1', '48c8038d-f690-59ff-b833-5daa5e19c5d3', '34ec6c33-f189-5acc-8be9-84642810bd64', 'ai_classified', '{"confidence": 0.73, "type": "maintenance"}'::jsonb, '2026-06-26T11:26:00Z'),
  ('06c2265d-ad71-5e38-bfdf-452b4e4cb418', '48c8038d-f690-59ff-b833-5daa5e19c5d3', '96171b07-d4ee-5d24-aca0-10fb809c219f', 'status_changed', '{"status": "closed"}'::jsonb, '2026-06-27T01:44:00Z'),
  ('6143b759-ba02-544e-9dff-81f1d2a19046', 'b5a7f107-5ca3-5890-b0af-3e1fde546bdd', 'ceddb027-da35-5072-b338-13be73f590dd', 'created', '{"channel": "mobile", "title": "Panel eléctrico con tapa abierta"}'::jsonb, '2026-06-23T12:16:00Z'),
  ('15726138-777d-50f6-9ab0-37bc40be0f6d', 'b5a7f107-5ca3-5890-b0af-3e1fde546bdd', '96171b07-d4ee-5d24-aca0-10fb809c219f', 'ai_classified', '{"confidence": 0.74, "type": "maintenance"}'::jsonb, '2026-06-23T12:33:00Z'),
  ('432a04a3-dad2-58d6-bc72-ad77449cf920', 'b5a7f107-5ca3-5890-b0af-3e1fde546bdd', '1738bb97-9556-5b31-9eae-c611595486f3', 'status_changed', '{"status": "assigned"}'::jsonb, '2026-06-24T03:51:00Z'),
  ('4da3457f-c3ca-5414-8e1c-96c9c5ee232c', '2462a76e-cd4a-5e18-8c82-3f7ca92ac35e', '87995fef-e5e3-5aaf-ba05-0ea0d20bc733', 'created', '{"channel": "mobile", "title": "Alarma de puerta se activa sola"}'::jsonb, '2026-06-20T13:23:00Z'),
  ('a6f11933-d034-5520-80d4-ac5bb2a30426', '2462a76e-cd4a-5e18-8c82-3f7ca92ac35e', '1738bb97-9556-5b31-9eae-c611595486f3', 'ai_classified', '{"confidence": 0.75, "type": "maintenance"}'::jsonb, '2026-06-20T13:40:00Z'),
  ('4b5c3b81-b48b-5717-9194-ee2b24b66ff4', '2462a76e-cd4a-5e18-8c82-3f7ca92ac35e', '34ec6c33-f189-5acc-8be9-84642810bd64', 'status_changed', '{"status": "cancelled"}'::jsonb, '2026-06-21T05:58:00Z'),
  ('4d2c9a5f-d96b-52be-93cd-b36a6e88aae3', 'c5f8f0a1-e642-5665-b601-04d5f60aba1b', '8f4e684e-2067-5bfb-a8b1-b554bcb3108e', 'created', '{"channel": "mobile", "title": "Ducto de aire con vibración"}'::jsonb, '2026-06-17T14:30:00Z'),
  ('a039c59b-a23c-5f44-9526-4f21ea9ad6ea', 'c5f8f0a1-e642-5665-b601-04d5f60aba1b', '34ec6c33-f189-5acc-8be9-84642810bd64', 'ai_classified', '{"confidence": 0.76, "type": "maintenance"}'::jsonb, '2026-06-17T14:47:00Z'),
  ('c7b1e906-1dc3-5d0b-81fa-47bb9579e65d', 'c5f8f0a1-e642-5665-b601-04d5f60aba1b', '96171b07-d4ee-5d24-aca0-10fb809c219f', 'status_changed', '{"status": "new"}'::jsonb, '2026-06-18T08:05:00Z'),
  ('fcbc16c4-ac32-5dcb-be07-c940dc54e4d2', 'f456a5c6-c2b3-55af-ba31-091d09a5684f', 'e5b437e2-56b8-5962-beb9-80d559a8b607', 'created', '{"channel": "mobile", "title": "Mochila negra con llavero rojo"}'::jsonb, '2026-06-28T10:11:00Z'),
  ('122bd634-78bc-5db5-847f-d5a0a11f8aa9', 'f456a5c6-c2b3-55af-ba31-091d09a5684f', '96171b07-d4ee-5d24-aca0-10fb809c219f', 'ai_classified', '{"confidence": 0.68, "type": "found_item"}'::jsonb, '2026-06-28T10:28:00Z'),
  ('c4d32679-9f06-57dd-aff1-18ab089e2b92', '94e95874-a457-57ae-b106-3133fdae0853', '2d9f9b25-1bff-57a2-b166-00813d5a9d41', 'created', '{"channel": "mobile", "title": "Laptop Lenovo ThinkPad"}'::jsonb, '2026-06-26T11:22:00Z'),
  ('fce02b53-de33-57cb-9eb4-d483d2cc330c', '94e95874-a457-57ae-b106-3133fdae0853', '1738bb97-9556-5b31-9eae-c611595486f3', 'ai_classified', '{"confidence": 0.69, "type": "found_item"}'::jsonb, '2026-06-26T11:39:00Z'),
  ('d7927fb2-9d00-5eb6-ad44-80471147178c', '94e95874-a457-57ae-b106-3133fdae0853', '34ec6c33-f189-5acc-8be9-84642810bd64', 'status_changed', '{"status": "waiting_claim"}'::jsonb, '2026-06-26T23:57:00Z'),
  ('904a365a-3a49-50a0-8645-3a2be6afbfed', '9d766467-fd3b-527c-a149-261514caf464', '03a16c96-b6f2-51cf-a899-8560feb029e6', 'created', '{"channel": "mobile", "title": "Audífonos inalámbricos"}'::jsonb, '2026-06-24T12:33:00Z'),
  ('597f776c-0a8f-5632-9914-3493a2e44f77', '9d766467-fd3b-527c-a149-261514caf464', '34ec6c33-f189-5acc-8be9-84642810bd64', 'ai_classified', '{"confidence": 0.7, "type": "lost_item"}'::jsonb, '2026-06-24T12:50:00Z'),
  ('a6c025ea-655b-5d3d-9b64-af5725bc094d', '9d766467-fd3b-527c-a149-261514caf464', '96171b07-d4ee-5d24-aca0-10fb809c219f', 'status_changed', '{"status": "waiting_claim"}'::jsonb, '2026-06-25T06:08:00Z'),
  ('882ba7a2-a436-5db0-820f-2172e220dd98', '975f35bb-c51c-5344-a796-b8c4026b19c0', 'b097b8d9-d456-5244-b8e4-b97eb8770072', 'created', '{"channel": "mobile", "title": "Botella metálica azul"}'::jsonb, '2026-06-22T13:44:00Z'),
  ('6f6c800d-c5b8-5f9b-9fcd-e3585bb1d745', '975f35bb-c51c-5344-a796-b8c4026b19c0', '96171b07-d4ee-5d24-aca0-10fb809c219f', 'ai_classified', '{"confidence": 0.71, "type": "found_item"}'::jsonb, '2026-06-22T14:01:00Z'),
  ('641e9ddc-bf9f-5c42-b6b3-264fc52e0f3f', '65bdd20c-671b-5caa-9ad8-6a7a4f2714ac', '5b48465a-080f-568a-88f2-29086ca3bdb1', 'created', '{"channel": "mobile", "title": "Billetera marrón"}'::jsonb, '2026-06-20T14:55:00Z'),
  ('453583e1-ad16-5989-83e6-d808fe0ba5b9', '65bdd20c-671b-5caa-9ad8-6a7a4f2714ac', '1738bb97-9556-5b31-9eae-c611595486f3', 'ai_classified', '{"confidence": 0.72, "type": "found_item"}'::jsonb, '2026-06-20T15:12:00Z'),
  ('b2cf418b-fde6-5bad-9e28-aff7a395aacf', '65bdd20c-671b-5caa-9ad8-6a7a4f2714ac', '34ec6c33-f189-5acc-8be9-84642810bd64', 'status_changed', '{"status": "waiting_claim"}'::jsonb, '2026-06-21T18:30:00Z'),
  ('14f95d85-03f7-5e6a-b3e7-c022b2636288', 'c8e958de-e442-574a-875e-14e55c2599fa', 'b8dcf1b5-68bd-509c-862d-567f0677ade0', 'created', '{"channel": "mobile", "title": "Juego de llaves con cinta amarilla"}'::jsonb, '2026-06-18T15:06:00Z'),
  ('5c181453-2235-51f7-b386-a7d87dad7b36', 'c8e958de-e442-574a-875e-14e55c2599fa', '34ec6c33-f189-5acc-8be9-84642810bd64', 'ai_classified', '{"confidence": 0.73, "type": "found_item"}'::jsonb, '2026-06-18T15:23:00Z'),
  ('39532c13-dfa1-58f0-a1cd-df2d5bfd1aa7', 'c8e958de-e442-574a-875e-14e55c2599fa', '96171b07-d4ee-5d24-aca0-10fb809c219f', 'status_changed', '{"status": "closed"}'::jsonb, '2026-06-19T23:41:00Z'),
  ('eec0cdc0-653e-580c-849e-8cc42e024470', '9407a497-8e46-5e71-a78d-d5b2d1184bfd', '04dd5adc-0b73-58a2-b8aa-6a5f93db0b15', 'created', '{"channel": "mobile", "title": "Cuaderno universitario A4"}'::jsonb, '2026-06-16T16:17:00Z'),
  ('0faa4232-1b3b-58d7-8ffc-158b0071680f', '9407a497-8e46-5e71-a78d-d5b2d1184bfd', '96171b07-d4ee-5d24-aca0-10fb809c219f', 'ai_classified', '{"confidence": 0.74, "type": "lost_item"}'::jsonb, '2026-06-16T16:34:00Z'),
  ('f3c72027-359d-5814-8d83-6364e11698cb', '4459cc16-d205-581d-8280-5d3dcf21e825', 'ceddb027-da35-5072-b338-13be73f590dd', 'created', '{"channel": "mobile", "title": "Calculadora científica"}'::jsonb, '2026-06-14T17:28:00Z'),
  ('2cc553b4-233d-5779-a5d7-5678c6594cc8', '4459cc16-d205-581d-8280-5d3dcf21e825', '1738bb97-9556-5b31-9eae-c611595486f3', 'ai_classified', '{"confidence": 0.75, "type": "found_item"}'::jsonb, '2026-06-14T17:45:00Z'),
  ('fde8ac1e-d5c5-54f4-b22a-3ebb150c1156', '4459cc16-d205-581d-8280-5d3dcf21e825', '34ec6c33-f189-5acc-8be9-84642810bd64', 'status_changed', '{"status": "waiting_claim"}'::jsonb, '2026-06-16T12:03:00Z'),
  ('c875997e-d3e2-5254-8f79-abeaeba42b1c', 'd0b3dc11-4b20-54ff-8640-1f7a25b145b4', '04a29933-50f1-54c3-8543-b1c1ccec019f', 'created', '{"channel": "mobile", "title": "Paraguas plegable"}'::jsonb, '2026-06-12T09:39:00Z'),
  ('23649876-5c68-5d22-a2ee-d62b4dff69d0', 'd0b3dc11-4b20-54ff-8640-1f7a25b145b4', '34ec6c33-f189-5acc-8be9-84642810bd64', 'ai_classified', '{"confidence": 0.76, "type": "found_item"}'::jsonb, '2026-06-12T09:56:00Z'),
  ('c5b590a5-27ef-5a1d-9ac1-316ca17d3112', 'd0b3dc11-4b20-54ff-8640-1f7a25b145b4', '96171b07-d4ee-5d24-aca0-10fb809c219f', 'status_changed', '{"status": "closed"}'::jsonb, '2026-06-12T15:14:00Z'),
  ('3efd9f45-a9ea-5c96-9dad-b8d833f52f1a', '4d26b9a4-dad8-5b1f-8351-5dac6fc7c35b', 'b8242449-4a57-560d-af65-a6b40384fc4c', 'created', '{"channel": "mobile", "title": "Lentes con montura negra"}'::jsonb, '2026-06-10T10:50:00Z'),
  ('b386bf69-c61c-52d4-b801-24a590dca5b5', '4d26b9a4-dad8-5b1f-8351-5dac6fc7c35b', '96171b07-d4ee-5d24-aca0-10fb809c219f', 'ai_classified', '{"confidence": 0.77, "type": "lost_item"}'::jsonb, '2026-06-10T11:07:00Z'),
  ('d2ef1c8d-88b3-574e-9498-13865ef5fc43', '4d26b9a4-dad8-5b1f-8351-5dac6fc7c35b', '1738bb97-9556-5b31-9eae-c611595486f3', 'status_changed', '{"status": "waiting_claim"}'::jsonb, '2026-06-10T21:25:00Z'),
  ('cca99797-fbf8-57d8-a749-c56037b65ccf', '57bb06ba-86ef-52e7-adae-fa3e29a0f7ca', 'e291afad-2985-512e-94ba-02455458d411', 'created', '{"channel": "mobile", "title": "Cargador USB-C de laptop"}'::jsonb, '2026-06-08T11:01:00Z'),
  ('1ee1438d-7ac2-5a9e-ac30-6449fdf48a93', '57bb06ba-86ef-52e7-adae-fa3e29a0f7ca', '1738bb97-9556-5b31-9eae-c611595486f3', 'ai_classified', '{"confidence": 0.78, "type": "found_item"}'::jsonb, '2026-06-08T11:18:00Z'),
  ('b3538b5e-d1aa-545b-a018-ff7d436622f0', '6b5942c3-d4c6-55e2-8740-c7330e8b464b', '3249c000-aa18-5d68-ba20-c1ebe6246d61', 'created', '{"channel": "mobile", "title": "Zapatillas deportivas"}'::jsonb, '2026-06-06T12:12:00Z'),
  ('bd7de1ca-abb8-5bd8-9b28-03cd0dbab405', '6b5942c3-d4c6-55e2-8740-c7330e8b464b', '34ec6c33-f189-5acc-8be9-84642810bd64', 'ai_classified', '{"confidence": 0.79, "type": "lost_item"}'::jsonb, '2026-06-06T12:29:00Z'),
  ('492823f2-7798-5bae-9ad8-630e422d9f75', '21a4be30-1922-5972-8dec-8ada90179ef7', '87995fef-e5e3-5aaf-ba05-0ea0d20bc733', 'created', '{"channel": "mobile", "title": "Lonchera térmica"}'::jsonb, '2026-06-04T13:23:00Z'),
  ('8b8591e3-e6c1-5197-aed3-5c5a3f1ced97', '21a4be30-1922-5972-8dec-8ada90179ef7', '96171b07-d4ee-5d24-aca0-10fb809c219f', 'ai_classified', '{"confidence": 0.8, "type": "found_item"}'::jsonb, '2026-06-04T13:40:00Z'),
  ('aaf603db-c2d3-5a1c-9f91-5b77eafed235', '21a4be30-1922-5972-8dec-8ada90179ef7', '1738bb97-9556-5b31-9eae-c611595486f3', 'status_changed', '{"status": "closed"}'::jsonb, '2026-06-05T14:58:00Z'),
  ('4a91c3af-bbff-50d7-9abb-212b5646b53f', 'f26c174d-37c6-50ae-8f95-cde1f7f31a11', '7ceb163a-0011-535a-98c9-72947f950b04', 'created', '{"channel": "mobile", "title": "Celular Android"}'::jsonb, '2026-06-02T14:34:00Z'),
  ('9f88ba1a-637b-598f-a579-f06c9394a1d0', 'f26c174d-37c6-50ae-8f95-cde1f7f31a11', '1738bb97-9556-5b31-9eae-c611595486f3', 'ai_classified', '{"confidence": 0.81, "type": "found_item"}'::jsonb, '2026-06-02T14:51:00Z'),
  ('3ae88ae7-012f-5f1a-8e72-9af7a229d38c', 'f26c174d-37c6-50ae-8f95-cde1f7f31a11', '34ec6c33-f189-5acc-8be9-84642810bd64', 'status_changed', '{"status": "waiting_claim"}'::jsonb, '2026-06-03T21:09:00Z'),
  ('16b256b4-052e-551d-afd7-9057e851579b', '1dfe3665-c72a-5538-a1c0-65ba37eec045', '44dc9c94-9e13-583e-be26-65699929fc5d', 'created', '{"channel": "mobile", "title": "Carnet universitario"}'::jsonb, '2026-05-31T15:45:00Z'),
  ('eec862cf-6f79-55b1-a309-2dd974234ad7', '1dfe3665-c72a-5538-a1c0-65ba37eec045', '34ec6c33-f189-5acc-8be9-84642810bd64', 'ai_classified', '{"confidence": 0.82, "type": "found_item"}'::jsonb, '2026-05-31T16:02:00Z'),
  ('3752c05a-6e3e-56e0-8813-b6a189cce077', '1dfe3665-c72a-5538-a1c0-65ba37eec045', '96171b07-d4ee-5d24-aca0-10fb809c219f', 'status_changed', '{"status": "closed"}'::jsonb, '2026-06-02T03:20:00Z'),
  ('d8da34eb-bee2-5a2b-a42b-874e2f61e4e6', '520a3821-f082-5b64-a666-5725388bbae6', 'e6e648c2-254e-5d53-8186-fcf318f74823', 'created', '{"channel": "mobile", "title": "Casaca jean"}'::jsonb, '2026-05-29T16:56:00Z'),
  ('439b260d-28ea-51d9-96e0-92b3eba1baa3', '520a3821-f082-5b64-a666-5725388bbae6', '96171b07-d4ee-5d24-aca0-10fb809c219f', 'ai_classified', '{"confidence": 0.83, "type": "lost_item"}'::jsonb, '2026-05-29T17:13:00Z'),
  ('1268a51d-b815-55eb-9aa2-06cc9517e998', '0ad67a17-0109-5a4b-bf8f-e31114bee2a7', '3cd56141-7ece-5079-8a9c-5bf5dc8fb739', 'created', '{"channel": "mobile", "title": "Libro de cálculo"}'::jsonb, '2026-05-27T17:07:00Z'),
  ('c4d7cd18-6be1-5af3-8239-b629a0811e99', '0ad67a17-0109-5a4b-bf8f-e31114bee2a7', '1738bb97-9556-5b31-9eae-c611595486f3', 'ai_classified', '{"confidence": 0.84, "type": "found_item"}'::jsonb, '2026-05-27T17:24:00Z'),
  ('04b83a7e-bdec-511a-8085-770508fdfb3c', '0ad67a17-0109-5a4b-bf8f-e31114bee2a7', '34ec6c33-f189-5acc-8be9-84642810bd64', 'status_changed', '{"status": "waiting_claim"}'::jsonb, '2026-05-27T20:42:00Z'),
  ('702515d6-d766-5018-81a6-5cf860e9e0a9', 'ea57706f-1a32-538a-a8a1-d236330f91ff', '8f4e684e-2067-5bfb-a8b1-b554bcb3108e', 'created', '{"channel": "mobile", "title": "Cartuchera de tela"}'::jsonb, '2026-05-25T09:18:00Z'),
  ('db343725-5fc3-5e48-a3e8-fcc4798c6278', 'ea57706f-1a32-538a-a8a1-d236330f91ff', '34ec6c33-f189-5acc-8be9-84642810bd64', 'ai_classified', '{"confidence": 0.85, "type": "found_item"}'::jsonb, '2026-05-25T09:35:00Z'),
  ('880b97f2-faca-5c01-b5aa-bb4dcdda86a0', 'a5dc9559-389d-5a79-a5f1-35d2a9ee67c2', 'b4dab77f-2a2c-53df-a1ef-c9c6fcdf5c7a', 'created', '{"channel": "mobile", "title": "Tablet con funda gris"}'::jsonb, '2026-05-23T10:29:00Z'),
  ('ece65bbf-687c-54df-8c9e-baf7bfcdab2e', 'a5dc9559-389d-5a79-a5f1-35d2a9ee67c2', '96171b07-d4ee-5d24-aca0-10fb809c219f', 'ai_classified', '{"confidence": 0.86, "type": "lost_item"}'::jsonb, '2026-05-23T10:46:00Z'),
  ('a1a4b6d3-a7fc-54e1-b6fa-9f9d8ed2f5a8', 'a5dc9559-389d-5a79-a5f1-35d2a9ee67c2', '1738bb97-9556-5b31-9eae-c611595486f3', 'status_changed', '{"status": "waiting_claim"}'::jsonb, '2026-05-24T00:04:00Z'),
  ('17ba7cd0-34ba-5893-b449-c17aa2c2c9c1', 'e9b4a612-3aa7-5191-94b9-f2a76e5ca84d', 'f32c2821-1e8d-587b-8bdf-43450d6ffd6a', 'created', '{"channel": "mobile", "title": "Reloj inteligente"}'::jsonb, '2026-05-21T11:40:00Z'),
  ('209a7317-73c8-5a6e-8e0e-5548413e911c', 'e9b4a612-3aa7-5191-94b9-f2a76e5ca84d', '1738bb97-9556-5b31-9eae-c611595486f3', 'ai_classified', '{"confidence": 0.87, "type": "found_item"}'::jsonb, '2026-05-21T11:57:00Z'),
  ('0bbc4649-e3ae-502d-b413-4ee9f936abb2', 'ad1f771f-e0e1-5d64-97d7-fa5c7fe70fc0', '41d69b8a-0a43-5e43-8ebd-98ba68f9e5f8', 'created', '{"channel": "mobile", "title": "Cámara compacta"}'::jsonb, '2026-05-19T12:51:00Z'),
  ('027ef4ca-07bb-5065-9f4f-bb7b8fad9aa4', 'ad1f771f-e0e1-5d64-97d7-fa5c7fe70fc0', '34ec6c33-f189-5acc-8be9-84642810bd64', 'ai_classified', '{"confidence": 0.88, "type": "lost_item"}'::jsonb, '2026-05-19T13:08:00Z'),
  ('0251cc7b-2623-501e-880c-cdc15636335e', 'ad1f771f-e0e1-5d64-97d7-fa5c7fe70fc0', '96171b07-d4ee-5d24-aca0-10fb809c219f', 'status_changed', '{"status": "closed"}'::jsonb, '2026-05-20T12:26:00Z'),
  ('457ce797-38e3-57b1-908f-950db3e1aa63', '4a9b5257-d9eb-5670-9afa-6f3ea8c1c913', '56cf75da-f55a-56a4-a3b7-377995e906d4', 'created', '{"channel": "mobile", "title": "Casco de bicicleta"}'::jsonb, '2026-05-17T13:02:00Z'),
  ('4187be39-1a62-5c1e-a27c-65e8a37a9022', '4a9b5257-d9eb-5670-9afa-6f3ea8c1c913', '96171b07-d4ee-5d24-aca0-10fb809c219f', 'ai_classified', '{"confidence": 0.89, "type": "found_item"}'::jsonb, '2026-05-17T13:19:00Z'),
  ('8b975ded-ecba-5cf3-8ea0-400117442405', '0f04e86e-477c-5b2c-8eab-ad0de872daa8', 'e5b437e2-56b8-5962-beb9-80d559a8b607', 'created', '{"channel": "mobile", "title": "Gorra con logo"}'::jsonb, '2026-06-30T14:13:00Z'),
  ('6385ad9a-21c4-5b95-90f8-de15384a9574', '0f04e86e-477c-5b2c-8eab-ad0de872daa8', '1738bb97-9556-5b31-9eae-c611595486f3', 'ai_classified', '{"confidence": 0.9, "type": "found_item"}'::jsonb, '2026-06-30T14:30:00Z'),
  ('5ac071d9-e3e7-567f-9c33-a9ca181bb236', '0f04e86e-477c-5b2c-8eab-ad0de872daa8', '34ec6c33-f189-5acc-8be9-84642810bd64', 'status_changed', '{"status": "closed"}'::jsonb, '2026-07-01T23:48:00Z'),
  ('4235a6ea-dc33-55b8-80c4-6a2f659f4ad6', '343b1dd8-83ca-557e-93f4-ee09daf2578f', '2d9f9b25-1bff-57a2-b166-00813d5a9d41', 'created', '{"channel": "mobile", "title": "Bufanda tejida"}'::jsonb, '2026-06-28T15:24:00Z'),
  ('a871a175-b5e3-5085-9fe1-139505ddd64f', '343b1dd8-83ca-557e-93f4-ee09daf2578f', '34ec6c33-f189-5acc-8be9-84642810bd64', 'ai_classified', '{"confidence": 0.91, "type": "lost_item"}'::jsonb, '2026-06-28T15:41:00Z'),
  ('f9b17331-a89e-53e7-a431-b46e692af81e', '7ded4e5a-386e-508c-8f62-8d921603959d', '03a16c96-b6f2-51cf-a899-8560feb029e6', 'created', '{"channel": "mobile", "title": "Termo plateado"}'::jsonb, '2026-06-26T16:35:00Z'),
  ('98283dd1-3815-5644-a295-87fedde10fbc', '7ded4e5a-386e-508c-8f62-8d921603959d', '96171b07-d4ee-5d24-aca0-10fb809c219f', 'ai_classified', '{"confidence": 0.92, "type": "found_item"}'::jsonb, '2026-06-26T16:52:00Z'),
  ('13644b32-b89d-5feb-a95e-258a3c789e46', '7ded4e5a-386e-508c-8f62-8d921603959d', '1738bb97-9556-5b31-9eae-c611595486f3', 'status_changed', '{"status": "waiting_claim"}'::jsonb, '2026-06-28T12:10:00Z'),
  ('388cfeb8-090e-5a68-97c9-24eb7ff94c09', 'fc46f06c-2110-593c-9f6e-d85e409bccf7', 'b097b8d9-d456-5244-b8e4-b97eb8770072', 'created', '{"channel": "mobile", "title": "Memoria USB"}'::jsonb, '2026-06-24T17:46:00Z'),
  ('a68fae72-e4f8-56d2-83de-a22b62e42e91', 'fc46f06c-2110-593c-9f6e-d85e409bccf7', '1738bb97-9556-5b31-9eae-c611595486f3', 'ai_classified', '{"confidence": 0.67, "type": "found_item"}'::jsonb, '2026-06-24T18:03:00Z'),
  ('4bc22d99-7a73-55e3-b4c5-b7fd41f7e2ab', 'e90d55ce-f3be-5fee-b23d-a0d531d666d8', '5b48465a-080f-568a-88f2-29086ca3bdb1', 'created', '{"channel": "mobile", "title": "Mouse inalámbrico"}'::jsonb, '2026-06-22T09:57:00Z'),
  ('698b44eb-95dc-5798-95a7-76f54edcdb0d', 'e90d55ce-f3be-5fee-b23d-a0d531d666d8', '34ec6c33-f189-5acc-8be9-84642810bd64', 'ai_classified', '{"confidence": 0.68, "type": "lost_item"}'::jsonb, '2026-06-22T10:14:00Z'),
  ('cd1fa19a-f7f6-51d8-a148-44ca7077d709', 'e90d55ce-f3be-5fee-b23d-a0d531d666d8', '96171b07-d4ee-5d24-aca0-10fb809c219f', 'status_changed', '{"status": "waiting_claim"}'::jsonb, '2026-06-22T21:32:00Z'),
  ('55f1e79e-dd3a-5b32-a43c-3221800887a3', '75a48a3b-16c8-5df8-ac96-ffeece2ca058', 'b8dcf1b5-68bd-509c-862d-567f0677ade0', 'created', '{"channel": "mobile", "title": "Bolsa de tela"}'::jsonb, '2026-06-20T10:08:00Z'),
  ('96adc072-b8f7-57be-9b72-0e83ff674a79', '75a48a3b-16c8-5df8-ac96-ffeece2ca058', '96171b07-d4ee-5d24-aca0-10fb809c219f', 'ai_classified', '{"confidence": 0.69, "type": "found_item"}'::jsonb, '2026-06-20T10:25:00Z'),
  ('4fd33d62-7593-5988-9bfa-b319d8efb4a9', 'ebc5b49f-5fbb-5882-a28d-0b92db3c484d', '04dd5adc-0b73-58a2-b8aa-6a5f93db0b15', 'created', '{"channel": "mobile", "title": "Folder con apuntes"}'::jsonb, '2026-06-18T11:19:00Z'),
  ('9e087afa-4399-587f-b1c8-2a941e6851c5', 'ebc5b49f-5fbb-5882-a28d-0b92db3c484d', '1738bb97-9556-5b31-9eae-c611595486f3', 'ai_classified', '{"confidence": 0.7, "type": "lost_item"}'::jsonb, '2026-06-18T11:36:00Z'),
  ('b49452f0-01b3-5adc-8736-cc1fd4e5a271', 'ebc5b49f-5fbb-5882-a28d-0b92db3c484d', '34ec6c33-f189-5acc-8be9-84642810bd64', 'status_changed', '{"status": "waiting_claim"}'::jsonb, '2026-06-19T08:54:00Z'),
  ('bee858f0-d365-5213-8b2f-9791d5a99643', '170139e6-1d15-5f8a-8e32-14a7324288c1', 'ceddb027-da35-5072-b338-13be73f590dd', 'created', '{"channel": "mobile", "title": "Estuche de guitarra"}'::jsonb, '2026-06-16T12:30:00Z'),
  ('d939a5ba-321a-5731-bc39-17480d20c51e', '170139e6-1d15-5f8a-8e32-14a7324288c1', '34ec6c33-f189-5acc-8be9-84642810bd64', 'ai_classified', '{"confidence": 0.71, "type": "found_item"}'::jsonb, '2026-06-16T12:47:00Z'),
  ('f58b12c3-9d24-5e1c-b9ed-6edbd150ec36', '170139e6-1d15-5f8a-8e32-14a7324288c1', '96171b07-d4ee-5d24-aca0-10fb809c219f', 'status_changed', '{"status": "closed"}'::jsonb, '2026-06-17T15:05:00Z'),
  ('4cc8e72c-9035-5a73-a29d-c28219e6b9f6', '94e95874-a457-57ae-b106-3133fdae0853', '8f4e684e-2067-5bfb-a8b1-b554bcb3108e', 'claim_created', '{"claim_id": "2e9c4402-d4e7-5161-b55e-eaba8a8a846e", "status": "pending"}'::jsonb, '2026-06-26T18:22:00Z'),
  ('aaff7586-4db6-5788-a4b4-76630ce78a29', '9d766467-fd3b-527c-a149-261514caf464', '7ceb163a-0011-535a-98c9-72947f950b04', 'claim_created', '{"claim_id": "65bdc59f-f901-5afd-8044-8f621746aadd", "status": "pending"}'::jsonb, '2026-06-24T20:33:00Z'),
  ('b2847363-dcb0-5cc2-97e0-87e2c2cc0a52', '65bdd20c-671b-5caa-9ad8-6a7a4f2714ac', 'b8242449-4a57-560d-af65-a6b40384fc4c', 'claim_created', '{"claim_id": "3a2a5ff0-1c4d-59da-8e3e-08eada663425", "status": "approved"}'::jsonb, '2026-06-20T23:55:00Z'),
  ('8abcfe9b-6c09-5987-b9da-5877e694e852', 'c8e958de-e442-574a-875e-14e55c2599fa', 'b8dcf1b5-68bd-509c-862d-567f0677ade0', 'claim_created', '{"claim_id": "25c35517-10a7-57e9-93e4-3bbf7489d3f5", "status": "delivered"}'::jsonb, '2026-06-19T01:06:00Z'),
  ('38cde1a6-8cd9-5916-8124-b7e5f0ae5a45', '4459cc16-d205-581d-8280-5d3dcf21e825', '2d9f9b25-1bff-57a2-b166-00813d5a9d41', 'claim_created', '{"claim_id": "90551563-635b-5ca5-8456-f7fbc40bedee", "status": "pending"}'::jsonb, '2026-06-15T04:28:00Z'),
  ('e761e415-745c-50f8-bc8b-48bf9bfb2241', '4d26b9a4-dad8-5b1f-8351-5dac6fc7c35b', 'f32c2821-1e8d-587b-8bdf-43450d6ffd6a', 'claim_created', '{"claim_id": "3f8e3bf5-e24d-5393-a402-d8962bfa8715", "status": "rejected"}'::jsonb, '2026-06-10T22:50:00Z'),
  ('a5a7d31c-98c9-56f7-bab8-33570ae7aa28', '21a4be30-1922-5972-8dec-8ada90179ef7', 'e6e648c2-254e-5d53-8186-fcf318f74823', 'claim_created', '{"claim_id": "0768d681-b49e-550b-9449-a5a351500b53", "status": "pending"}'::jsonb, '2026-06-05T02:23:00Z'),
  ('c46a8f76-481c-567f-9da9-0e6e756b977a', 'f26c174d-37c6-50ae-8f95-cde1f7f31a11', '3249c000-aa18-5d68-ba20-c1ebe6246d61', 'claim_created', '{"claim_id": "cadb084f-4390-5692-a432-004ac397aa16", "status": "pending"}'::jsonb, '2026-06-03T04:34:00Z'),
  ('64f9d462-57c0-5aa4-b33c-c2d2a1618e94', '1dfe3665-c72a-5538-a1c0-65ba37eec045', 'ceddb027-da35-5072-b338-13be73f590dd', 'claim_created', '{"claim_id": "48041996-1fc2-5883-a800-0097680a7aa9", "status": "approved"}'::jsonb, '2026-06-01T06:45:00Z'),
  ('b0a309aa-1c59-54bb-b5fb-5312e163a090', '0ad67a17-0109-5a4b-bf8f-e31114bee2a7', 'b097b8d9-d456-5244-b8e4-b97eb8770072', 'claim_created', '{"claim_id": "d520ac11-b1f4-5184-8a34-d2420b709a41", "status": "delivered"}'::jsonb, '2026-05-28T09:07:00Z'),
  ('bf8d7345-0cf7-54b0-8b5b-e63b2c98ee8c', 'a5dc9559-389d-5a79-a5f1-35d2a9ee67c2', '56cf75da-f55a-56a4-a3b7-377995e906d4', 'claim_created', '{"claim_id": "17ffeae0-dad5-5b85-b338-bab9643f4f67", "status": "pending"}'::jsonb, '2026-05-24T03:29:00Z'),
  ('7e20e3a0-54f7-58e1-9ab6-8c1d2189f3e8', '0f04e86e-477c-5b2c-8eab-ad0de872daa8', '8f4e684e-2067-5bfb-a8b1-b554bcb3108e', 'claim_created', '{"claim_id": "578924ee-a9a7-5d71-8a30-b18cf6b2a93e", "status": "rejected"}'::jsonb, '2026-07-01T08:13:00Z'),
  ('c2b6d2f3-f048-5dba-91e1-b5862aa0d92c', '7ded4e5a-386e-508c-8f62-8d921603959d', '7ceb163a-0011-535a-98c9-72947f950b04', 'claim_created', '{"claim_id": "2a9bacbc-5a38-5e1a-a512-c4d4dc41e01e", "status": "pending"}'::jsonb, '2026-06-27T11:35:00Z'),
  ('8975d4ea-8b32-5b02-9136-3c1a50798232', 'e90d55ce-f3be-5fee-b23d-a0d531d666d8', 'b8242449-4a57-560d-af65-a6b40384fc4c', 'claim_created', '{"claim_id": "d0a088bf-1fc0-5e32-bef9-ee44504f9a60", "status": "pending"}'::jsonb, '2026-06-23T05:57:00Z'),
  ('8bd29cb4-d316-503c-a739-177d6038c744', 'ebc5b49f-5fbb-5882-a28d-0b92db3c484d', 'b8dcf1b5-68bd-509c-862d-567f0677ade0', 'claim_created', '{"claim_id": "6391945c-c906-5f91-a403-f7b46a2b5120", "status": "approved"}'::jsonb, '2026-06-19T08:19:00Z'),
  ('2917068d-2111-56b3-acfe-daa503f114d3', 'f456a5c6-c2b3-55af-ba31-091d09a5684f', '2d9f9b25-1bff-57a2-b166-00813d5a9d41', 'claim_created', '{"claim_id": "d3cd7d23-d7a5-53c9-be05-6950912c34dc", "status": "delivered"}'::jsonb, '2026-06-29T08:11:00Z'),
  ('115e4e52-f0b6-5009-8093-a53c96a60dcb', '975f35bb-c51c-5344-a796-b8c4026b19c0', 'f32c2821-1e8d-587b-8bdf-43450d6ffd6a', 'claim_created', '{"claim_id": "0199f77b-04e2-597c-a492-c13c39e945bb", "status": "pending"}'::jsonb, '2026-06-23T12:44:00Z'),
  ('2607c1c0-dcdd-52c6-af8b-d4c4094c4bcc', '9407a497-8e46-5e71-a78d-d5b2d1184bfd', 'e6e648c2-254e-5d53-8186-fcf318f74823', 'claim_created', '{"claim_id": "88117b8f-dde6-56c1-a0c0-49e633a81c2f", "status": "rejected"}'::jsonb, '2026-06-17T16:17:00Z'),
  ('561bfacd-faac-5e69-940f-98184bce0818', '57bb06ba-86ef-52e7-adae-fa3e29a0f7ca', '3249c000-aa18-5d68-ba20-c1ebe6246d61', 'claim_created', '{"claim_id": "005d0f82-e244-59b4-8354-2cf27bcae09c", "status": "pending"}'::jsonb, '2026-06-09T12:01:00Z'),
  ('9b7296f1-2d87-5845-88b0-81cb0bdefe04', '6b5942c3-d4c6-55e2-8740-c7330e8b464b', 'ceddb027-da35-5072-b338-13be73f590dd', 'claim_created', '{"claim_id": "df9b5944-da7f-5ea2-ab4c-1b5c96f1cac7", "status": "pending"}'::jsonb, '2026-06-07T14:12:00Z'),
  ('f103aa77-16b5-5ca9-8a5d-d20ce2d71f94', '520a3821-f082-5b64-a666-5725388bbae6', 'b097b8d9-d456-5244-b8e4-b97eb8770072', 'claim_created', '{"claim_id": "2e71effb-4b6f-51b2-bb30-188846b6e229", "status": "approved"}'::jsonb, '2026-05-30T19:56:00Z'),
  ('1b644b0e-1167-522e-8f1c-22e8a602dc75', 'ea57706f-1a32-538a-a8a1-d236330f91ff', '56cf75da-f55a-56a4-a3b7-377995e906d4', 'claim_created', '{"claim_id": "744fc547-f90f-53aa-9983-38077e0bf8dd", "status": "delivered"}'::jsonb, '2026-05-26T13:18:00Z'),
  ('cbae507a-3486-5c70-a90a-087b04492c77', 'e9b4a612-3aa7-5191-94b9-f2a76e5ca84d', '8f4e684e-2067-5bfb-a8b1-b554bcb3108e', 'claim_created', '{"claim_id": "86453927-ac46-5e79-8bee-10004a99d60b", "status": "pending"}'::jsonb, '2026-05-22T16:40:00Z'),
  ('79db9c39-a24d-5a3c-945a-649fdb708e9c', 'fc46f06c-2110-593c-9f6e-d85e409bccf7', '7ceb163a-0011-535a-98c9-72947f950b04', 'claim_created', '{"claim_id": "9bd56616-1d63-5aa0-89b6-202729e1a2c7", "status": "rejected"}'::jsonb, '2026-06-25T23:46:00Z'),
  ('74c111bd-41ba-5458-a6c9-2d0191384ddf', '9d766467-fd3b-527c-a149-261514caf464', '96171b07-d4ee-5d24-aca0-10fb809c219f', 'match_suggested', '{"match_id": "f565d558-9c42-5477-a535-acc78c725cd7", "score": 0.461, "status": "suggested"}'::jsonb, '2026-06-29T12:05:00Z'),
  ('317cebe7-97b2-566b-9b6f-4e83d4f55569', 'a5dc9559-389d-5a79-a5f1-35d2a9ee67c2', '1738bb97-9556-5b31-9eae-c611595486f3', 'match_suggested', '{"match_id": "00027565-90cd-51fa-826a-31486f261660", "score": 0.492, "status": "notified"}'::jsonb, '2026-06-28T13:10:00Z'),
  ('4d4f8368-8314-5648-b802-adcbe0350c0b', 'ebc5b49f-5fbb-5882-a28d-0b92db3c484d', '34ec6c33-f189-5acc-8be9-84642810bd64', 'match_suggested', '{"match_id": "b9b1f7aa-f907-5273-9b2d-5db86674986b", "score": 0.523, "status": "confirmed"}'::jsonb, '2026-06-27T14:15:00Z'),
  ('5ce0ee64-4a47-50f0-97fc-852144b4304e', '4d26b9a4-dad8-5b1f-8351-5dac6fc7c35b', '96171b07-d4ee-5d24-aca0-10fb809c219f', 'match_suggested', '{"match_id": "f4aba5c1-b576-5abf-9399-3afe5a29b9b8", "score": 0.554, "status": "rejected"}'::jsonb, '2026-06-26T15:20:00Z'),
  ('f3d5d94c-84d9-537e-8e2c-fd09aac0a62d', 'e90d55ce-f3be-5fee-b23d-a0d531d666d8', '1738bb97-9556-5b31-9eae-c611595486f3', 'match_suggested', '{"match_id": "891200ea-26ed-5558-9bc3-61850353835c", "score": 0.585, "status": "expired"}'::jsonb, '2026-06-25T16:25:00Z'),
  ('34d87f17-84e7-5652-b0a1-c6a90a6a61df', '6b5942c3-d4c6-55e2-8740-c7330e8b464b', '34ec6c33-f189-5acc-8be9-84642810bd64', 'match_suggested', '{"match_id": "6ab22b52-e82d-5800-ab9a-b1c8f98fc8a5", "score": 0.616, "status": "suggested"}'::jsonb, '2026-06-24T17:30:00Z'),
  ('d7878e82-cafd-5c29-9c8a-b36a6cb7d3da', '520a3821-f082-5b64-a666-5725388bbae6', '96171b07-d4ee-5d24-aca0-10fb809c219f', 'match_suggested', '{"match_id": "2c680c89-bc68-588a-8ccc-85718cf2377d", "score": 0.647, "status": "notified"}'::jsonb, '2026-06-23T11:35:00Z'),
  ('6a4f48e0-b677-5c82-9afc-9c6830487eab', 'e9b4a612-3aa7-5191-94b9-f2a76e5ca84d', '1738bb97-9556-5b31-9eae-c611595486f3', 'match_suggested', '{"match_id": "23089c30-995d-5a8b-9089-1bf248b0e4f8", "score": 0.678, "status": "confirmed"}'::jsonb, '2026-06-22T12:40:00Z'),
  ('b3736316-570d-5160-9767-0ac1a538819b', '9407a497-8e46-5e71-a78d-d5b2d1184bfd', '34ec6c33-f189-5acc-8be9-84642810bd64', 'match_suggested', '{"match_id": "edfaf083-7597-584e-b929-4d04ee2e6bb1", "score": 0.709, "status": "rejected"}'::jsonb, '2026-06-21T13:45:00Z'),
  ('64538c0f-4623-5748-ab17-6aeb0f98cf46', '343b1dd8-83ca-557e-93f4-ee09daf2578f', '96171b07-d4ee-5d24-aca0-10fb809c219f', 'match_suggested', '{"match_id": "8245189f-fc6e-542d-b2f6-01cb21ff9e8f", "score": 0.74, "status": "expired"}'::jsonb, '2026-06-20T14:50:00Z'),
  ('8a15501c-9964-502b-9d99-6f4ce0d9cc97', 'ad1f771f-e0e1-5d64-97d7-fa5c7fe70fc0', '1738bb97-9556-5b31-9eae-c611595486f3', 'match_suggested', '{"match_id": "24a81a78-08b4-5477-9d32-de777fa79944", "score": 0.771, "status": "suggested"}'::jsonb, '2026-06-19T15:55:00Z'),
  ('f3efa47d-7588-508c-a18e-9129b24281a8', '57bb06ba-86ef-52e7-adae-fa3e29a0f7ca', '34ec6c33-f189-5acc-8be9-84642810bd64', 'match_suggested', '{"match_id": "b57bcd15-f4b6-531c-b871-26d3cfad4294", "score": 0.802, "status": "notified"}'::jsonb, '2026-06-18T16:00:00Z'),
  ('ab6c6444-6896-578d-b090-927bbf4e5fc2', '1dfe3665-c72a-5538-a1c0-65ba37eec045', '96171b07-d4ee-5d24-aca0-10fb809c219f', 'match_suggested', '{"match_id": "3a64d30f-25b5-5043-b24d-49f8a494ec83", "score": 0.833, "status": "confirmed"}'::jsonb, '2026-06-17T17:05:00Z'),
  ('72dbed32-2509-5338-ae18-7d0263cfbf6c', 'c8e958de-e442-574a-875e-14e55c2599fa', '1738bb97-9556-5b31-9eae-c611595486f3', 'match_suggested', '{"match_id": "0723e442-982e-5be8-8fae-1d9c8055cd34", "score": 0.864, "status": "rejected"}'::jsonb, '2026-06-16T11:10:00Z'),
  ('db0a6895-e869-546a-9f18-80f57e15d09b', '7ded4e5a-386e-508c-8f62-8d921603959d', '34ec6c33-f189-5acc-8be9-84642810bd64', 'match_suggested', '{"match_id": "cdfb23b7-4c37-5d74-93c3-c2eb982da2ea", "score": 0.895, "status": "expired"}'::jsonb, '2026-06-15T12:15:00Z'),
  ('d85b8908-29c4-558f-83f7-be14b02ab3e6', '21a4be30-1922-5972-8dec-8ada90179ef7', '96171b07-d4ee-5d24-aca0-10fb809c219f', 'match_suggested', '{"match_id": "c8f36a6c-2d7d-50cb-86eb-51a67b34e29b", "score": 0.43, "status": "suggested"}'::jsonb, '2026-06-14T13:20:00Z'),
  ('dbb32f5c-aff3-54cb-a8b4-ff0025b9a3b3', '4459cc16-d205-581d-8280-5d3dcf21e825', '1738bb97-9556-5b31-9eae-c611595486f3', 'match_suggested', '{"match_id": "d0890d1a-ed40-5ac7-9a97-9a7c6d8d08d4", "score": 0.461, "status": "notified"}'::jsonb, '2026-06-13T14:25:00Z'),
  ('553d4d93-71d8-51e4-a802-563466f125cc', 'f26c174d-37c6-50ae-8f95-cde1f7f31a11', '34ec6c33-f189-5acc-8be9-84642810bd64', 'match_suggested', '{"match_id": "310efd66-6098-591a-8327-117a49198ab3", "score": 0.492, "status": "confirmed"}'::jsonb, '2026-06-12T15:30:00Z'),
  ('076b6005-e228-5409-9fc5-2321eb92c581', '170139e6-1d15-5f8a-8e32-14a7324288c1', '96171b07-d4ee-5d24-aca0-10fb809c219f', 'match_suggested', '{"match_id": "473fddfb-26f7-5402-bdd0-54e0444dc2f3", "score": 0.523, "status": "rejected"}'::jsonb, '2026-06-11T16:35:00Z'),
  ('05c2b0c6-58e6-5438-800f-8e6039d54c82', '4a9b5257-d9eb-5670-9afa-6f3ea8c1c913', '1738bb97-9556-5b31-9eae-c611595486f3', 'match_suggested', '{"match_id": "8574030b-3535-5726-b87b-a0df93664b78", "score": 0.554, "status": "expired"}'::jsonb, '2026-06-30T17:40:00Z'),
  ('6f7842ef-3f4c-5e7e-8be7-e1a0de48e2e1', '65bdd20c-671b-5caa-9ad8-6a7a4f2714ac', '34ec6c33-f189-5acc-8be9-84642810bd64', 'match_suggested', '{"match_id": "862e2058-f874-5470-9b53-2dbd5f57aa46", "score": 0.585, "status": "suggested"}'::jsonb, '2026-06-29T11:45:00Z'),
  ('3ee3d662-a144-5aeb-a1ac-0d0d5f42c55b', 'ea57706f-1a32-538a-a8a1-d236330f91ff', '96171b07-d4ee-5d24-aca0-10fb809c219f', 'match_suggested', '{"match_id": "4f26088b-52b2-59d6-8637-e9f94717d1fe", "score": 0.616, "status": "notified"}'::jsonb, '2026-06-28T12:50:00Z');
insert into public.notifications (id, user_id, report_id, title, body, read_at, created_at) values
  ('dc3388b3-5a58-5f37-845c-db2d93dbfa58', '96171b07-d4ee-5d24-aca0-10fb809c219f', '900ad972-f1ee-54e8-8876-b5195643dc3a', 'Incidencia requiere seguimiento', 'Fuga debajo del lavamanos del baño de varones sigue abierta en el panel.', null, '2026-06-30T09:04:00Z'),
  ('4df58dd1-0aa0-56ad-959c-08a171d9f254', '1738bb97-9556-5b31-9eae-c611595486f3', 'eb261ff3-2ee5-5e4a-bd87-3a6f66efb264', 'Incidencia requiere seguimiento', 'Luminaria parpadea en pasillo de biblioteca sigue abierta en el panel.', null, '2026-06-29T10:08:00Z'),
  ('c75dc979-b971-5570-b519-70af2f518cf6', '34ec6c33-f189-5acc-8be9-84642810bd64', '3067a2ea-45d0-52d9-b716-eef384898411', 'Incidencia requiere seguimiento', 'Aire acondicionado no enfría en laboratorio de redes sigue abierta en el panel.', '2026-06-28T16:12:00Z', '2026-06-28T11:12:00Z'),
  ('d6ed0a44-b9b6-5dd9-ab73-60b40ef8354a', '96171b07-d4ee-5d24-aca0-10fb809c219f', 'fb5015e1-95cd-51f8-a0bb-d2542138482e', 'Incidencia requiere seguimiento', 'Baldosa levantada cerca al ingreso sigue abierta en el panel.', null, '2026-06-27T12:16:00Z'),
  ('73e378cd-4265-5492-97ee-1c5e4787c40b', '1738bb97-9556-5b31-9eae-c611595486f3', '0340aadc-7177-5ea6-8fcc-5314d8fcad13', 'Incidencia requiere seguimiento', 'Cámara de seguridad sin señal en terraza sigue abierta en el panel.', null, '2026-06-26T13:20:00Z'),
  ('4531e3cc-35b4-5f85-91e9-4fa1baaf3526', '34ec6c33-f189-5acc-8be9-84642810bd64', '7b1b0815-55f2-54a3-bdd9-5094a9146836', 'Incidencia requiere seguimiento', 'Cable expuesto junto a proyector sigue abierta en el panel.', '2026-06-25T19:24:00Z', '2026-06-25T14:24:00Z'),
  ('53df8809-587c-5983-8cf7-9a0c81616553', '96171b07-d4ee-5d24-aca0-10fb809c219f', '2f6e7135-ceba-5b9a-aa8b-802135efedd7', 'Incidencia requiere seguimiento', 'Puerta de aula no cierra correctamente sigue abierta en el panel.', null, '2026-06-24T15:28:00Z'),
  ('339e271c-f1be-5964-9b04-ac64ce492289', '1738bb97-9556-5b31-9eae-c611595486f3', '132cbc58-0f20-5dca-b18e-4932635bcdc1', 'Incidencia requiere seguimiento', 'Filtro de bebedero con fuga sigue abierta en el panel.', null, '2026-06-23T16:32:00Z'),
  ('5cec8c87-cac1-5017-a2b9-de5cd7130c35', '34ec6c33-f189-5acc-8be9-84642810bd64', 'e1c48698-d07f-5f60-aa69-3c93329fd95e', 'Incidencia requiere seguimiento', 'Ventilador hace ruido fuerte sigue abierta en el panel.', '2026-06-22T22:36:00Z', '2026-06-22T17:36:00Z'),
  ('744a11cc-866a-56da-acf7-c7ee9eb05f0d', '96171b07-d4ee-5d24-aca0-10fb809c219f', '993c1768-8d84-52f0-8103-1bbdd7d04eab', 'Incidencia requiere seguimiento', 'Baranda floja en escalera sigue abierta en el panel.', null, '2026-06-21T08:40:00Z'),
  ('8c1e00c6-3d2e-59ba-80fd-f7839be70e11', '1738bb97-9556-5b31-9eae-c611595486f3', 'a191df04-a037-58e3-9aeb-4b339bbcd887', 'Incidencia requiere seguimiento', 'Interruptor quemado en sala de reuniones sigue abierta en el panel.', null, '2026-06-20T09:44:00Z'),
  ('8a13c9d8-7900-5f52-8bf5-9804ae4492d0', '34ec6c33-f189-5acc-8be9-84642810bd64', 'da72ed4d-a50d-523e-b590-ed3190775dcf', 'Incidencia requiere seguimiento', 'Sensor de humo emite alerta intermitente sigue abierta en el panel.', '2026-06-19T15:48:00Z', '2026-06-19T10:48:00Z'),
  ('fe9cbf1c-0ca3-522c-a91c-b7a9174b5e23', '96171b07-d4ee-5d24-aca0-10fb809c219f', '79be2837-39cb-56a9-9306-cc2c1817204e', 'Incidencia requiere seguimiento', 'Mancha de humedad en techo sigue abierta en el panel.', null, '2026-06-18T11:52:00Z'),
  ('e7971283-4bc3-5386-95f7-9708a078ed5a', '1738bb97-9556-5b31-9eae-c611595486f3', '9c20e3fe-946c-5f7f-85fe-0662e87c30ba', 'Incidencia requiere seguimiento', 'Tomacorriente sin tapa sigue abierta en el panel.', null, '2026-06-17T12:56:00Z'),
  ('77cc44ce-9d7d-55ec-863c-5dc58cc7ee82', '34ec6c33-f189-5acc-8be9-84642810bd64', '6442d5e8-9a39-5652-85dc-b61621118ee1', 'Incidencia requiere seguimiento', 'Lavadora de residencia no drena sigue abierta en el panel.', '2026-06-16T18:00:00Z', '2026-06-16T13:00:00Z'),
  ('b52adb67-8182-5cdf-8c61-0b78443599e8', '96171b07-d4ee-5d24-aca0-10fb809c219f', 'cff2cc09-d700-55ee-9ab2-57ba63a7aff9', 'Incidencia requiere seguimiento', 'Aula con olor a humedad sigue abierta en el panel.', null, '2026-06-15T14:04:00Z'),
  ('9ce3e373-bc4e-57c1-a147-5579f8716a66', '1738bb97-9556-5b31-9eae-c611595486f3', 'e0a9a009-d681-55b2-aae2-9a8b011c04eb', 'Incidencia requiere seguimiento', 'Control de acceso no reconoce tarjetas sigue abierta en el panel.', null, '2026-06-14T15:08:00Z'),
  ('2d8a526b-6670-5f21-b337-8e7e28d9531a', '34ec6c33-f189-5acc-8be9-84642810bd64', '31d22d8b-23c4-505f-85cf-2a4d64e5c893', 'Incidencia requiere seguimiento', 'Goteras en cancha techada sigue abierta en el panel.', '2026-06-13T21:12:00Z', '2026-06-13T16:12:00Z'),
  ('52d4361e-ffad-58d4-8f35-436089ad5040', '96171b07-d4ee-5d24-aca0-10fb809c219f', '7403bdc4-4558-5e57-9353-b9140867f4d1', 'Incidencia requiere seguimiento', 'Extractor de cocina no enciende sigue abierta en el panel.', null, '2026-07-01T17:16:00Z'),
  ('6f380c50-1791-5ea8-a3d4-c09d226a639b', '1738bb97-9556-5b31-9eae-c611595486f3', '821a120d-fb65-516a-800a-024723e9a200', 'Incidencia requiere seguimiento', 'Grifo de lavadero con presión baja sigue abierta en el panel.', null, '2026-06-30T08:20:00Z'),
  ('c251c2b9-af41-5d07-bfe5-bd9a56af6c9a', '34ec6c33-f189-5acc-8be9-84642810bd64', '59a0797a-1c4a-5425-acf7-2afc86ef4de0', 'Incidencia requiere seguimiento', 'Foco apagado en vestidores sigue abierta en el panel.', '2026-06-29T14:24:00Z', '2026-06-29T09:24:00Z'),
  ('e00db9f9-47e7-5742-b51f-d1371fd93647', '96171b07-d4ee-5d24-aca0-10fb809c219f', 'b5a7f107-5ca3-5890-b0af-3e1fde546bdd', 'Incidencia requiere seguimiento', 'Panel eléctrico con tapa abierta sigue abierta en el panel.', null, '2026-06-28T10:28:00Z'),
  ('7d728dc5-64ef-5ba1-b408-fe5b5e30e8d8', '1738bb97-9556-5b31-9eae-c611595486f3', 'c5f8f0a1-e642-5665-b601-04d5f60aba1b', 'Incidencia requiere seguimiento', 'Ducto de aire con vibración sigue abierta en el panel.', null, '2026-06-27T11:32:00Z'),
  ('c05af1c2-a939-58d4-8994-ea96a21c3ed2', '1738bb97-9556-5b31-9eae-c611595486f3', '9d766467-fd3b-527c-a149-261514caf464', 'Coincidencia sugerida', 'Radar detectó una coincidencia con score 46%.', '2026-06-26T17:36:00Z', '2026-06-26T12:36:00Z'),
  ('b3eed130-7d62-5b26-aafa-441875874022', '34ec6c33-f189-5acc-8be9-84642810bd64', 'a5dc9559-389d-5a79-a5f1-35d2a9ee67c2', 'Coincidencia sugerida', 'Radar detectó una coincidencia con score 49%.', null, '2026-06-25T13:40:00Z'),
  ('6f265c9f-da11-5b9f-be72-95bb9eb0687e', '96171b07-d4ee-5d24-aca0-10fb809c219f', 'ebc5b49f-5fbb-5882-a28d-0b92db3c484d', 'Coincidencia sugerida', 'Radar detectó una coincidencia con score 52%.', null, '2026-06-24T14:44:00Z'),
  ('d20dd336-7feb-57c1-8f6d-9debef6f0add', '1738bb97-9556-5b31-9eae-c611595486f3', '4d26b9a4-dad8-5b1f-8351-5dac6fc7c35b', 'Coincidencia sugerida', 'Radar detectó una coincidencia con score 55%.', '2026-06-23T20:48:00Z', '2026-06-23T15:48:00Z'),
  ('ce010647-66e2-5c50-a1a8-17b956b1f830', '34ec6c33-f189-5acc-8be9-84642810bd64', 'e90d55ce-f3be-5fee-b23d-a0d531d666d8', 'Coincidencia sugerida', 'Radar detectó una coincidencia con score 58%.', null, '2026-06-22T16:52:00Z'),
  ('3e3ce69c-7855-50cf-b895-253546f00433', '96171b07-d4ee-5d24-aca0-10fb809c219f', '6b5942c3-d4c6-55e2-8740-c7330e8b464b', 'Coincidencia sugerida', 'Radar detectó una coincidencia con score 62%.', null, '2026-06-21T17:56:00Z'),
  ('e93599ea-917e-56c9-83ca-0c05523287c8', '1738bb97-9556-5b31-9eae-c611595486f3', '520a3821-f082-5b64-a666-5725388bbae6', 'Coincidencia sugerida', 'Radar detectó una coincidencia con score 65%.', '2026-06-20T13:00:00Z', '2026-06-20T08:00:00Z'),
  ('3b25be94-9d61-536f-8b1f-61c3571e2467', '34ec6c33-f189-5acc-8be9-84642810bd64', 'e9b4a612-3aa7-5191-94b9-f2a76e5ca84d', 'Coincidencia sugerida', 'Radar detectó una coincidencia con score 68%.', null, '2026-06-19T09:04:00Z'),
  ('85cc9f42-d639-52c8-8870-cbdc680388f3', '96171b07-d4ee-5d24-aca0-10fb809c219f', '9407a497-8e46-5e71-a78d-d5b2d1184bfd', 'Coincidencia sugerida', 'Radar detectó una coincidencia con score 71%.', null, '2026-06-18T10:08:00Z'),
  ('45a35d5d-5ed4-5ab5-a2d3-b6884f8eb8f4', '1738bb97-9556-5b31-9eae-c611595486f3', '343b1dd8-83ca-557e-93f4-ee09daf2578f', 'Coincidencia sugerida', 'Radar detectó una coincidencia con score 74%.', '2026-06-17T16:12:00Z', '2026-06-17T11:12:00Z'),
  ('931005cc-d1c4-51e5-8af8-e18f387afb00', '34ec6c33-f189-5acc-8be9-84642810bd64', 'ad1f771f-e0e1-5d64-97d7-fa5c7fe70fc0', 'Coincidencia sugerida', 'Radar detectó una coincidencia con score 77%.', null, '2026-06-16T12:16:00Z'),
  ('deade6e5-6a70-5766-a429-fe2783b398af', '96171b07-d4ee-5d24-aca0-10fb809c219f', '57bb06ba-86ef-52e7-adae-fa3e29a0f7ca', 'Coincidencia sugerida', 'Radar detectó una coincidencia con score 80%.', null, '2026-06-15T13:20:00Z'),
  ('7146d372-494e-5d09-ac34-a7bfe32a7c0f', '1738bb97-9556-5b31-9eae-c611595486f3', '1dfe3665-c72a-5538-a1c0-65ba37eec045', 'Coincidencia sugerida', 'Radar detectó una coincidencia con score 83%.', '2026-06-14T19:24:00Z', '2026-06-14T14:24:00Z'),
  ('7e7451c1-e74d-5644-b219-a48a43e0569e', '34ec6c33-f189-5acc-8be9-84642810bd64', 'c8e958de-e442-574a-875e-14e55c2599fa', 'Coincidencia sugerida', 'Radar detectó una coincidencia con score 86%.', null, '2026-06-13T15:28:00Z'),
  ('eb76ae82-cfd5-513e-b6c5-816d94a1cf2e', '96171b07-d4ee-5d24-aca0-10fb809c219f', '7ded4e5a-386e-508c-8f62-8d921603959d', 'Coincidencia sugerida', 'Radar detectó una coincidencia con score 90%.', null, '2026-07-01T16:32:00Z'),
  ('da4d7a48-e131-5d5c-9614-09f6bdaa7404', '1738bb97-9556-5b31-9eae-c611595486f3', '21a4be30-1922-5972-8dec-8ada90179ef7', 'Coincidencia sugerida', 'Radar detectó una coincidencia con score 43%.', '2026-06-30T22:36:00Z', '2026-06-30T17:36:00Z'),
  ('afad5a66-9f7c-5765-b197-380d8922b92d', '34ec6c33-f189-5acc-8be9-84642810bd64', '4459cc16-d205-581d-8280-5d3dcf21e825', 'Coincidencia sugerida', 'Radar detectó una coincidencia con score 46%.', null, '2026-06-29T08:40:00Z'),
  ('b99fe9c7-d5b5-5603-9693-2a5223be022b', '96171b07-d4ee-5d24-aca0-10fb809c219f', 'f26c174d-37c6-50ae-8f95-cde1f7f31a11', 'Coincidencia sugerida', 'Radar detectó una coincidencia con score 49%.', null, '2026-06-28T09:44:00Z'),
  ('1dfeb3ba-9a18-53d5-b8fa-971a146eead9', '8f4e684e-2067-5bfb-a8b1-b554bcb3108e', '94e95874-a457-57ae-b106-3133fdae0853', 'Nuevo reclamo pendiente', 'Tu reclamo está en estado pending.', '2026-06-27T15:48:00Z', '2026-06-27T10:48:00Z'),
  ('aa0e7ed9-e5d5-572f-bea2-bb9f9e401dcd', '7ceb163a-0011-535a-98c9-72947f950b04', '9d766467-fd3b-527c-a149-261514caf464', 'Nuevo reclamo pendiente', 'Tu reclamo está en estado pending.', null, '2026-06-26T11:52:00Z'),
  ('891d5e2e-1992-5d31-9cd1-24969078fe64', 'b8242449-4a57-560d-af65-a6b40384fc4c', '65bdd20c-671b-5caa-9ad8-6a7a4f2714ac', 'Reclamo actualizado', 'Tu reclamo está en estado approved.', null, '2026-06-25T12:56:00Z'),
  ('4db4fc9e-ab92-5c49-8fcb-622074406064', 'b8dcf1b5-68bd-509c-862d-567f0677ade0', 'c8e958de-e442-574a-875e-14e55c2599fa', 'Reclamo actualizado', 'Tu reclamo está en estado delivered.', '2026-06-24T18:00:00Z', '2026-06-24T13:00:00Z'),
  ('28ccc5db-a371-59f3-b2f5-9aa6463a98e2', '2d9f9b25-1bff-57a2-b166-00813d5a9d41', '4459cc16-d205-581d-8280-5d3dcf21e825', 'Nuevo reclamo pendiente', 'Tu reclamo está en estado pending.', null, '2026-06-23T14:04:00Z'),
  ('3d36dcf9-a168-533c-b4eb-b4d1df4ee659', 'f32c2821-1e8d-587b-8bdf-43450d6ffd6a', '4d26b9a4-dad8-5b1f-8351-5dac6fc7c35b', 'Reclamo actualizado', 'Tu reclamo está en estado rejected.', null, '2026-06-22T15:08:00Z'),
  ('5f78ede6-46b6-53c7-a5f7-612f96d9997a', 'e6e648c2-254e-5d53-8186-fcf318f74823', '21a4be30-1922-5972-8dec-8ada90179ef7', 'Nuevo reclamo pendiente', 'Tu reclamo está en estado pending.', '2026-06-21T21:12:00Z', '2026-06-21T16:12:00Z'),
  ('f0ee1772-0887-5f4b-b3ed-51aca222bc5c', '3249c000-aa18-5d68-ba20-c1ebe6246d61', 'f26c174d-37c6-50ae-8f95-cde1f7f31a11', 'Nuevo reclamo pendiente', 'Tu reclamo está en estado pending.', null, '2026-06-20T17:16:00Z'),
  ('314e2ffe-5ec4-5b37-8ea8-8e524d5b112d', 'ceddb027-da35-5072-b338-13be73f590dd', '1dfe3665-c72a-5538-a1c0-65ba37eec045', 'Reclamo actualizado', 'Tu reclamo está en estado approved.', null, '2026-06-19T08:20:00Z'),
  ('bf157262-947a-5048-9ab2-fc6644cabaa0', 'b097b8d9-d456-5244-b8e4-b97eb8770072', '0ad67a17-0109-5a4b-bf8f-e31114bee2a7', 'Reclamo actualizado', 'Tu reclamo está en estado delivered.', '2026-06-18T14:24:00Z', '2026-06-18T09:24:00Z'),
  ('315ca588-b28a-512c-afc0-6cddc3e4d667', '56cf75da-f55a-56a4-a3b7-377995e906d4', 'a5dc9559-389d-5a79-a5f1-35d2a9ee67c2', 'Nuevo reclamo pendiente', 'Tu reclamo está en estado pending.', null, '2026-06-17T10:28:00Z'),
  ('d76f60b1-2b44-50de-9f1b-fbe918cf8a51', '8f4e684e-2067-5bfb-a8b1-b554bcb3108e', '0f04e86e-477c-5b2c-8eab-ad0de872daa8', 'Reclamo actualizado', 'Tu reclamo está en estado rejected.', null, '2026-06-16T11:32:00Z'),
  ('b713061f-4efa-5b59-a090-50831fa0592e', '7ceb163a-0011-535a-98c9-72947f950b04', '7ded4e5a-386e-508c-8f62-8d921603959d', 'Nuevo reclamo pendiente', 'Tu reclamo está en estado pending.', '2026-06-15T17:36:00Z', '2026-06-15T12:36:00Z'),
  ('34aa59e0-cda8-5e6b-ba41-c991d90f7281', 'b8242449-4a57-560d-af65-a6b40384fc4c', 'e90d55ce-f3be-5fee-b23d-a0d531d666d8', 'Nuevo reclamo pendiente', 'Tu reclamo está en estado pending.', null, '2026-06-14T13:40:00Z'),
  ('1b219d80-0be8-56d1-abf5-745cf0265e1d', 'b8dcf1b5-68bd-509c-862d-567f0677ade0', 'ebc5b49f-5fbb-5882-a28d-0b92db3c484d', 'Reclamo actualizado', 'Tu reclamo está en estado approved.', null, '2026-06-13T14:44:00Z'),
  ('120992de-a4c8-51a7-bef1-3d4984f8d2d3', '2d9f9b25-1bff-57a2-b166-00813d5a9d41', 'f456a5c6-c2b3-55af-ba31-091d09a5684f', 'Reclamo actualizado', 'Tu reclamo está en estado delivered.', '2026-07-01T20:48:00Z', '2026-07-01T15:48:00Z'),
  ('8b6bc292-e47e-5d2d-ae77-5d4161bff175', 'f32c2821-1e8d-587b-8bdf-43450d6ffd6a', '975f35bb-c51c-5344-a796-b8c4026b19c0', 'Nuevo reclamo pendiente', 'Tu reclamo está en estado pending.', null, '2026-06-30T16:52:00Z'),
  ('0b9f24fe-542d-52df-8f23-2e8eb0550edf', 'e6e648c2-254e-5d53-8186-fcf318f74823', '9407a497-8e46-5e71-a78d-d5b2d1184bfd', 'Reclamo actualizado', 'Tu reclamo está en estado rejected.', null, '2026-06-29T17:56:00Z'),
  ('46a8cd06-5ee6-5a9b-ab4b-049c9cc1752c', '99c24bf2-8b4a-5f3c-9597-72291f58850b', '900ad972-f1ee-54e8-8876-b5195643dc3a', 'Tarea asignada', 'Se te asignó: Fuga debajo del lavamanos del baño de varones', '2026-06-28T13:00:00Z', '2026-06-28T08:00:00Z'),
  ('d9cf9530-cdfa-5a4a-b6ab-3a625b21c2b0', '75ce0d9b-2289-55bd-8bbb-46633c223a50', 'eb261ff3-2ee5-5e4a-bd87-3a6f66efb264', 'Tarea asignada', 'Se te asignó: Luminaria parpadea en pasillo de biblioteca', null, '2026-06-27T09:04:00Z'),
  ('d835279d-af6d-51f7-b440-2de8e279d66e', '1bf854c6-114a-575c-9b94-0cae5d8c3110', '3067a2ea-45d0-52d9-b716-eef384898411', 'Tarea asignada', 'Se te asignó: Aire acondicionado no enfría en laboratorio de redes', null, '2026-06-26T10:08:00Z'),
  ('72683bd3-21f3-5421-8b01-d54beb5d76c7', '99e23771-0461-5245-961d-f5caaa88dad8', 'df9d2156-e7ec-5a66-94fe-44badd820ac3', 'Tarea asignada', 'Se te asignó: Tacho rebalsado en comedor principal', '2026-06-25T16:12:00Z', '2026-06-25T11:12:00Z'),
  ('6a6a7a23-ffb9-5e36-a7d8-5dc4b91099c9', '1f4107af-06cc-5eaa-b270-67867836c628', '0340aadc-7177-5ea6-8fcc-5314d8fcad13', 'Tarea asignada', 'Se te asignó: Cámara de seguridad sin señal en terraza', null, '2026-06-24T12:16:00Z'),
  ('ab70785d-cf72-5856-ad11-5e7e3013d8b4', '8e0a83cf-5f53-55d5-8746-1d4fc438756b', '7b1b0815-55f2-54a3-bdd9-5094a9146836', 'Tarea asignada', 'Se te asignó: Cable expuesto junto a proyector', null, '2026-06-23T13:20:00Z'),
  ('d295a5e9-6038-5ccf-b16e-fc753f71aa14', 'c19c07d8-3b67-5a8e-9b8a-7fce8f203aae', '132cbc58-0f20-5dca-b18e-4932635bcdc1', 'Tarea asignada', 'Se te asignó: Filtro de bebedero con fuga', '2026-06-22T19:24:00Z', '2026-06-22T14:24:00Z'),
  ('ca41cef3-c590-5255-9e8a-6abf233e6e54', '38a00e20-f19a-5ba2-8f82-f658d711f995', 'fc2249c8-7206-5c2c-9021-c60eb786fc5d', 'Tarea asignada', 'Se te asignó: Baño sin papel y dispensador roto', null, '2026-06-21T15:28:00Z'),
  ('7251deb7-0195-5494-9533-4850e2d35f94', '99c24bf2-8b4a-5f3c-9597-72291f58850b', 'e1c48698-d07f-5f60-aa69-3c93329fd95e', 'Tarea asignada', 'Se te asignó: Ventilador hace ruido fuerte', null, '2026-06-20T16:32:00Z'),
  ('8d06747b-49c5-5135-9213-c782586b7471', '75ce0d9b-2289-55bd-8bbb-46633c223a50', '993c1768-8d84-52f0-8103-1bbdd7d04eab', 'Tarea asignada', 'Se te asignó: Baranda floja en escalera', '2026-06-19T22:36:00Z', '2026-06-19T17:36:00Z'),
  ('70a6d04a-75e9-5b1b-8d65-e31ca89c27a6', 'd1fc7a29-2a6c-5622-b40c-c6ba8d21bfc3', '791069a4-9a4a-530c-9e71-d72492de95e4', 'Tarea asignada', 'Se te asignó: Limpieza pendiente después de actividad', null, '2026-06-18T08:40:00Z'),
  ('7048e630-cc24-5ae2-ba0d-9df6ebe9bf1b', '99e23771-0461-5245-961d-f5caaa88dad8', 'da72ed4d-a50d-523e-b590-ed3190775dcf', 'Tarea asignada', 'Se te asignó: Sensor de humo emite alerta intermitente', null, '2026-06-17T09:44:00Z'),
  ('a0b8f6e2-8b0e-5d81-96b4-e6a64ac46d7e', '8e0a83cf-5f53-55d5-8746-1d4fc438756b', '9c20e3fe-946c-5f7f-85fe-0662e87c30ba', 'Tarea asignada', 'Se te asignó: Tomacorriente sin tapa', '2026-06-16T15:48:00Z', '2026-06-16T10:48:00Z'),
  ('2be32680-2dcc-54c4-aa61-9f499f0437bf', 'db0ca1c2-23e1-5a3d-91ae-d96242900e31', '6442d5e8-9a39-5652-85dc-b61621118ee1', 'Tarea asignada', 'Se te asignó: Lavadora de residencia no drena', null, '2026-06-15T11:52:00Z'),
  ('a00815b4-49e0-51da-bf09-b591de36a38c', '38a00e20-f19a-5ba2-8f82-f658d711f995', 'e0a9a009-d681-55b2-aae2-9a8b011c04eb', 'Tarea asignada', 'Se te asignó: Control de acceso no reconoce tarjetas', null, '2026-06-14T12:56:00Z'),
  ('306ef6c3-9a0e-5ef3-a0f6-27df9d8e26e9', '99c24bf2-8b4a-5f3c-9597-72291f58850b', '31d22d8b-23c4-505f-85cf-2a4d64e5c893', 'Tarea asignada', 'Se te asignó: Goteras en cancha techada', '2026-06-13T18:00:00Z', '2026-06-13T13:00:00Z'),
  ('87af6ca2-21e3-54dc-8479-774739535b0c', '75ce0d9b-2289-55bd-8bbb-46633c223a50', '7403bdc4-4558-5e57-9353-b9140867f4d1', 'Tarea asignada', 'Se te asignó: Extractor de cocina no enciende', null, '2026-07-01T14:04:00Z'),
  ('272d2fea-0030-554f-985f-8ffc392782a3', '1bf854c6-114a-575c-9b94-0cae5d8c3110', '37baca6d-63d3-5984-aaa3-2589327804c3', 'Tarea asignada', 'Se te asignó: Pizarra acrílica desprendida', null, '2026-06-30T15:08:00Z'),
  ('4012eb0f-84eb-53ce-9066-1f717c026d90', '99e23771-0461-5245-961d-f5caaa88dad8', '59a0797a-1c4a-5425-acf7-2afc86ef4de0', 'Tarea asignada', 'Se te asignó: Foco apagado en vestidores', '2026-06-29T21:12:00Z', '2026-06-29T16:12:00Z'),
  ('24696ac0-490e-5871-863f-2eea4db4b4ef', '1f4107af-06cc-5eaa-b270-67867836c628', '873419c8-5d5a-5b53-90c1-481a5f5513b2', 'Tarea asignada', 'Se te asignó: Mesa coja en cubículo grupal', null, '2026-06-28T17:16:00Z');
insert into public.system_settings (key, value, updated_by, updated_at) values ('admin_panel', '{"general": {"institution_name": "Radar University", "campus_name": "Campus Lima Norte", "timezone": "America/Lima", "language": "es", "support_email": "soporte@radar.com"}, "notifications": {"email_enabled": true, "push_enabled": true, "daily_summary": true, "notify_on_new_incident": true, "notify_on_status_change": true, "notify_on_new_object": true, "notify_on_match": true}, "maintenance": {"auto_assign": false, "default_sla_hours": 48, "require_photos": true, "escalation_enabled": true, "escalation_hours": 24}, "lost_found": {"retention_days": 90, "auto_archive": false, "auto_archive_days": 30, "require_photo": true, "public_catalog": true, "matching_notes": "Priorizar coincidencias con foto, color y zona cercana."}}'::jsonb, '34ec6c33-f189-5acc-8be9-84642810bd64', '2026-07-01T18:00:00Z');
commit;
select 'profiles' as table_name, count(*) from public.profiles union all select 'technicians', count(*) from public.technicians union all select 'campus_zones', count(*) from public.campus_zones union all select 'reports', count(*) from public.reports union all select 'maintenance_incidents', count(*) from public.maintenance_incidents union all select 'lost_items', count(*) from public.lost_items union all select 'claims', count(*) from public.claims union all select 'matches', count(*) from public.matches union all select 'matching_jobs', count(*) from public.matching_jobs union all select 'report_events', count(*) from public.report_events union all select 'notifications', count(*) from public.notifications order by table_name;
